,#,Name,Type 1,Type 2,HP,Attack,Defense,Sp. Attack,Sp. Defense,Speed,Total,Average,Generation,Usage Rate,Tier,Tier Ranking
0,1,Bulbasaur,Grass,Poison,45,49,49,65,65,45,318,53.0,1,0.00850%,OU,5
1,1,Bulbasaur,Grass,Poison,45,49,49,65,65,45,318,53.0,1,0.00025%,RU,3
2,1,Bulbasaur,Grass,Poison,45,49,49,65,65,45,318,53.0,1,0.00025%,NU,2
3,2,Ivysaur,Grass,Poison,60,62,63,80,80,60,405,67.5,1,0.00020%,OU,5
4,2,Ivysaur,Grass,Poison,60,62,63,80,80,60,405,67.5,1,0.04553%,UU,4
5,2,Ivysaur,Grass,Poison,60,62,63,80,80,60,405,67.5,1,0.15707%,RU,3
6,2,Ivysaur,Grass,Poison,60,62,63,80,80,60,405,67.5,1,1.87055%,NU,2
7,2,Ivysaur,Grass,Poison,60,62,63,80,80,60,405,67.5,1,1.44871%,PU,1
8,3,Venusaur,Grass,Poison,80,82,83,100,100,80,525,87.5,1,1.85513%,OU,5
9,3,Venusaur,Grass,Poison,80,82,83,100,100,80,525,87.5,1,6.07078%,UU,4
10,4,Charmander,Fire,,39,52,43,60,50,65,309,51.5,1,0.00001%,OU,5
11,5,Charmeleon,Fire,,58,64,58,80,65,80,405,67.5,1,0.00013%,OU,5
12,5,Charmeleon,Fire,,58,64,58,80,65,80,405,67.5,1,0.00283%,NU,2
13,5,Charmeleon,Fire,,58,64,58,80,65,80,405,67.5,1,0.14623%,PU,1
14,6,Charizard,Fire,Flying,78,84,78,109,85,100,534,89.0,1,1.10724%,OU,5
15,6,Charizard,Fire,Flying,78,84,78,109,85,100,534,89.0,1,0.57949%,UU,4
16,6,Charizard,Fire,Flying,78,84,78,109,85,100,534,89.0,1,16.40012%,RU,3
17,7,Squirtle,Water,,44,48,65,50,64,43,314,52.33,1,0.00430%,OU,5
18,7,Squirtle,Water,,44,48,65,50,64,43,314,52.33,1,0.00001%,PU,1
19,8,Wartortle,Water,,59,63,80,65,80,58,405,67.5,1,0.00032%,OU,5
20,8,Wartortle,Water,,59,63,80,65,80,58,405,67.5,1,0.00622%,UU,4
21,8,Wartortle,Water,,59,63,80,65,80,58,405,67.5,1,1.47330%,RU,3
22,8,Wartortle,Water,,59,63,80,65,80,58,405,67.5,1,0.12936%,NU,2
23,8,Wartortle,Water,,59,63,80,65,80,58,405,67.5,1,1.70883%,PU,1
24,9,Blastoise,Water,,79,83,100,85,105,78,530,88.33,1,0.23498%,OU,5
25,9,Blastoise,Water,,79,83,100,85,105,78,530,88.33,1,3.01063%,UU,4
26,11,Metapod,Bug,,50,20,55,25,25,30,205,34.17,1,0.00001%,OU,5
27,12,Butterfree,Bug,Flying,60,45,50,90,80,70,395,65.83,1,0.01594%,OU,5
28,12,Butterfree,Bug,Flying,60,45,50,90,80,70,395,65.83,1,0.13423%,UU,4
29,12,Butterfree,Bug,Flying,60,45,50,90,80,70,395,65.83,1,0.10416%,RU,3
30,12,Butterfree,Bug,Flying,60,45,50,90,80,70,395,65.83,1,3.84170%,NU,2
31,25,Pikachu,Electric,,35,55,40,50,50,90,320,53.33,1,0.05827%,OU,5
32,25,Pikachu,Electric,,35,55,40,50,50,90,320,53.33,1,0.03218%,UU,4
33,25,Pikachu,Electric,,35,55,40,50,50,90,320,53.33,1,0.02788%,RU,3
34,25,Pikachu,Electric,,35,55,40,50,50,90,320,53.33,1,0.10887%,NU,2
35,25,Pikachu,Electric,,35,55,40,50,50,90,320,53.33,1,6.07391%,PU,1
36,26,Raichu,Electric,,60,90,55,90,80,110,485,80.83,1,0.00914%,OU,5
37,26,Raichu,Electric,,60,90,55,90,80,110,485,80.83,1,0.07862%,UU,4
38,26,Raichu,Electric,,60,90,55,90,80,110,485,80.83,1,0.19432%,RU,3
39,26,Raichu,Electric,,60,90,55,90,80,110,485,80.83,1,0.56974%,NU,2
40,26,Raichu,Electric,,60,90,55,90,80,110,485,80.83,1,5.97814%,PU,1
41,35,Clefairy,Fairy,,70,45,48,60,65,35,323,53.83,1,0.83226%,OU,5
42,35,Clefairy,Fairy,,70,45,48,60,65,35,323,53.83,1,0.17818%,UU,4
43,35,Clefairy,Fairy,,70,45,48,60,65,35,323,53.83,1,0.57222%,RU,3
44,35,Clefairy,Fairy,,70,45,48,60,65,35,323,53.83,1,25.01305%,NU,2
45,35,Clefairy,Fairy,,70,45,48,60,65,35,323,53.83,1,0.71325%,PU,1
46,36,Clefable,Fairy,,95,70,73,95,90,60,483,80.5,1,56.53422%,OU,5
47,37,Vulpix,Fire,,38,41,40,50,65,65,299,49.83,1,0.00007%,OU,5
48,37,Vulpix,Fire,,38,41,40,50,65,65,299,49.83,1,0.03615%,UU,4
49,37,Vulpix,Fire,,38,41,40,50,65,65,299,49.83,1,0.00009%,RU,3
50,37,Vulpix,Fire,,38,41,40,50,65,65,299,49.83,1,3.08927%,NU,2
51,37,Vulpix,Fire,,38,41,40,50,65,65,299,49.83,1,0.00009%,NU,2
52,37,Vulpix,Fire,,38,41,40,50,65,65,299,49.83,1,1.59053%,PU,1
53,38,Ninetales,Fire,,73,76,75,81,100,100,505,84.17,1,0.53953%,OU,5
54,38,Ninetales,Fire,,73,76,75,81,100,100,505,84.17,1,1.12433%,UU,4
55,38,Ninetales,Fire,,73,76,75,81,100,100,505,84.17,1,8.16078%,RU,3
56,43,Oddish,Grass,Poison,45,50,55,75,65,30,320,53.33,1,0.00002%,OU,5
57,43,Oddish,Grass,Poison,45,50,55,75,65,30,320,53.33,1,0.00004%,RU,3
58,43,Oddish,Grass,Poison,45,50,55,75,65,30,320,53.33,1,0.00004%,NU,2
59,44,Gloom,Grass,Poison,60,65,70,85,75,40,395,65.83,1,0.00034%,OU,5
60,44,Gloom,Grass,Poison,60,65,70,85,75,40,395,65.83,1,0.00733%,UU,4
61,44,Gloom,Grass,Poison,60,65,70,85,75,40,395,65.83,1,0.06508%,RU,3
62,44,Gloom,Grass,Poison,60,65,70,85,75,40,395,65.83,1,0.00728%,NU,2
63,44,Gloom,Grass,Poison,60,65,70,85,75,40,395,65.83,1,1.22339%,PU,1
64,45,Vileplume,Grass,Poison,75,80,85,110,90,50,490,81.67,1,0.07105%,OU,5
65,45,Vileplume,Grass,Poison,75,80,85,110,90,50,490,81.67,1,0.29177%,UU,4
66,45,Vileplume,Grass,Poison,75,80,85,110,90,50,490,81.67,1,24.01253%,RU,3
67,50,Diglett,Ground,,10,55,25,35,45,95,265,44.17,1,0.00844%,OU,5
68,50,Diglett,Ground,,10,55,25,35,45,95,265,44.17,1,0.00001%,UU,4
69,50,Diglett,Ground,,10,55,25,35,45,95,265,44.17,1,0.00049%,NU,2
70,50,Diglett,Ground,,10,55,25,35,45,95,265,44.17,1,0.11831%,PU,1
71,51,Dugtrio,Ground,,35,100,50,50,70,120,425,70.83,1,0.06327%,OU,5
72,53,Persian,Normal,,65,70,60,65,65,115,440,73.33,1,0.00208%,OU,5
73,53,Persian,Normal,,65,70,60,65,65,115,440,73.33,1,0.00575%,UU,4
74,53,Persian,Normal,,65,70,60,65,65,115,440,73.33,1,0.00272%,RU,3
75,53,Persian,Normal,,65,70,60,65,65,115,440,73.33,1,0.18654%,NU,2
76,53,Persian,Normal,,65,70,60,65,65,115,440,73.33,1,2.94218%,PU,1
77,58,Growlithe,Fire,,55,70,45,70,50,60,350,58.33,1,0.00003%,NU,2
78,58,Growlithe,Fire,,55,70,45,70,50,60,350,58.33,1,0.01933%,PU,1
79,59,Arcanine,Fire,,90,110,80,100,80,95,555,92.5,1,0.92148%,OU,5
80,59,Arcanine,Fire,,90,110,80,100,80,95,555,92.5,1,5.98145%,UU,4
81,67,Machoke,Fighting,,80,100,70,50,60,45,405,67.5,1,0.00150%,OU,5
82,67,Machoke,Fighting,,80,100,70,50,60,45,405,67.5,1,0.00032%,UU,4
83,67,Machoke,Fighting,,80,100,70,50,60,45,405,67.5,1,0.03333%,RU,3
84,67,Machoke,Fighting,,80,100,70,50,60,45,405,67.5,1,0.34716%,NU,2
85,67,Machoke,Fighting,,80,100,70,50,60,45,405,67.5,1,0.98226%,PU,1
86,68,Machamp,Fighting,,90,130,80,65,85,55,505,84.17,1,0.08175%,OU,5
87,68,Machamp,Fighting,,90,130,80,65,85,55,505,84.17,1,4.12137%,UU,4
88,77,Ponyta,fire,,50,85,55,65,65,90,410,68.33,1,0.00840%,OU,5
89,77,Ponyta,fire,,50,85,55,65,65,90,410,68.33,1,0.00210%,RU,3
90,77,Ponyta,fire,,50,85,55,65,65,90,410,68.33,1,0.00210%,NU,2
91,77,Ponyta,fire,,50,85,55,65,65,90,410,68.33,1,0.00496%,PU,1
92,78,Rapidash,Fire,,65,100,70,80,80,105,500,83.33,1,0.11718%,OU,5
93,78,Rapidash,Fire,,65,100,70,80,80,105,500,83.33,1,0.04382%,UU,4
94,78,Rapidash,Fire,,65,100,70,80,80,105,500,83.33,1,5.13382%,RU,3
95,83,Farfetch'd,Normal,Flying,52,90,55,58,62,60,377,62.83,1,0.00122%,OU,5
96,83,Farfetch'd,Normal,Flying,52,90,55,58,62,60,377,62.83,1,0.00181%,UU,4
97,83,Farfetch'd,Normal,Flying,52,90,55,58,62,60,377,62.83,1,0.00507%,RU,3
98,90,Shellder,Water,,30,65,100,45,25,40,305,50.83,1,0.00001%,UU,4
99,90,Shellder,Water,,30,65,100,45,25,40,305,50.83,1,0.00051%,RU,3
100,90,Shellder,Water,,30,65,100,45,25,40,305,50.83,1,0.00001%,NU,2
101,90,Shellder,Water,,30,65,100,45,25,40,305,50.83,1,0.00051%,NU,2
102,90,Shellder,Water,,30,65,100,45,25,40,305,50.83,1,0.13578%,PU,1
103,91,Cloyster,Water,Ice,50,95,180,85,45,70,525,87.5,1,6.75745%,OU,5
104,92,Gastly,Ghost,Poison,30,35,30,100,35,80,310,51.67,1,0.00001%,OU,5
105,92,Gastly,Ghost,Poison,30,35,30,100,35,80,310,51.67,1,0.06794%,NU,2
106,92,Gastly,Ghost,Poison,30,35,30,100,35,80,310,51.67,1,1.30744%,PU,1
107,93,Haunter,Ghost,Poison,45,50,45,115,55,95,405,67.5,1,0.00082%,OU,5
108,93,Haunter,Ghost,Poison,45,50,45,115,55,95,405,67.5,1,0.01346%,UU,4
109,93,Haunter,Ghost,Poison,45,50,45,115,55,95,405,67.5,1,1.58536%,RU,3
110,93,Haunter,Ghost,Poison,45,50,45,115,55,95,405,67.5,1,4.70871%,NU,2
111,94,Gengar,Ghost,Poison,60,65,60,130,75,110,500,83.33,1,5.73664%,OU,5
112,95,Onix,Rock,Ground,35,45,160,30,45,70,385,64.17,1,0.00879%,OU,5
113,95,Onix,Rock,Ground,35,45,160,30,45,70,385,64.17,1,0.08252%,UU,4
114,95,Onix,Rock,Ground,35,45,160,30,45,70,385,64.17,1,0.06203%,RU,3
115,95,Onix,Rock,Ground,35,45,160,30,45,70,385,64.17,1,0.02888%,NU,2
116,95,Onix,Rock,Ground,35,45,160,30,45,70,385,64.17,1,1.16991%,PU,1
117,98,Krabby,Water,,30,105,90,25,25,50,325,54.17,1,0.00006%,OU,5
118,98,Krabby,Water,,30,105,90,25,25,50,325,54.17,1,0.00138%,RU,3
119,98,Krabby,Water,,30,105,90,25,25,50,325,54.17,1,0.00007%,NU,2
120,98,Krabby,Water,,30,105,90,25,25,50,325,54.17,1,0.00138%,NU,2
121,98,Krabby,Water,,30,105,90,25,25,50,325,54.17,1,0.08158%,PU,1
122,99,Kingler,Water,,55,130,115,50,50,75,475,79.17,1,0.03772%,OU,5
123,99,Kingler,Water,,55,130,115,50,50,75,475,79.17,1,0.03782%,UU,4
124,99,Kingler,Water,,55,130,115,50,50,75,475,79.17,1,2.62955%,RU,3
125,106,Hitmonlee,Fighting,,50,120,53,35,110,87,455,75.83,1,0.03944%,OU,5
126,106,Hitmonlee,Fighting,,50,120,53,35,110,87,455,75.83,1,0.30979%,UU,4
127,106,Hitmonlee,Fighting,,50,120,53,35,110,87,455,75.83,1,3.89005%,RU,3
128,107,Hitmonchan,Fighting,,50,105,79,35,110,76,455,75.83,1,0.00524%,OU,5
129,107,Hitmonchan,Fighting,,50,105,79,35,110,76,455,75.83,1,0.01973%,UU,4
130,107,Hitmonchan,Fighting,,50,105,79,35,110,76,455,75.83,1,0.17984%,RU,3
131,107,Hitmonchan,Fighting,,50,105,79,35,110,76,455,75.83,1,2.04370%,NU,2
132,109,Koffing,Poison,,40,65,95,60,45,35,340,56.67,1,0.00001%,RU,3
133,109,Koffing,Poison,,40,65,95,60,45,35,340,56.67,1,0.00001%,NU,2
134,109,Koffing,Poison,,40,65,95,60,45,35,340,56.67,1,0.08220%,PU,1
135,110,Weezing,Poison,,65,90,120,85,70,60,490,81.67,1,0.00902%,OU,5
136,110,Weezing,Poison,,65,90,120,85,70,60,490,81.67,1,0.33759%,UU,4
137,110,Weezing,Poison,,65,90,120,85,70,60,490,81.67,1,6.62536%,RU,3
138,111,Rhyhorn,Ground,Rock,80,85,95,30,30,25,345,57.5,1,0.00020%,UU,4
139,111,Rhyhorn,Ground,Rock,80,85,95,30,30,25,345,57.5,1,0.00003%,NU,2
140,111,Rhyhorn,Ground,Rock,80,85,95,30,30,25,345,57.5,1,0.01907%,PU,1
141,112,Rhydon,Ground,Rock,105,130,120,45,45,40,485,80.83,1,0.02048%,OU,5
142,112,Rhydon,Ground,Rock,105,130,120,45,45,40,485,80.83,1,0.08181%,UU,4
143,112,Rhydon,Ground,Rock,105,130,120,45,45,40,485,80.83,1,12.16311%,RU,3
144,112,Rhydon,Ground,Rock,105,130,120,45,45,40,485,80.83,1,0.31796%,NU,2
145,118,Goldeen,Water,,45,67,60,35,50,63,320,53.33,1,0.00116%,OU,5
146,118,Goldeen,Water,,45,67,60,35,50,63,320,53.33,1,0.00146%,PU,1
147,119,Seaking,Water,,80,92,65,65,80,68,450,75.0,1,0.00541%,OU,5
148,119,Seaking,Water,,80,92,65,65,80,68,450,75.0,1,0.00423%,UU,4
149,119,Seaking,Water,,80,92,65,65,80,68,450,75.0,1,0.00314%,RU,3
150,119,Seaking,Water,,80,92,65,65,80,68,450,75.0,1,0.09082%,NU,2
151,119,Seaking,Water,,80,92,65,65,80,68,450,75.0,1,3.41368%,PU,1
152,122,Mr. Mime,Psychic,Fairy,40,45,65,100,120,90,460,76.67,1,0.00144%,OU,5
153,122,Mr. Mime,Psychic,Fairy,40,45,65,100,120,90,460,76.67,1,0.00134%,UU,4
154,122,Mr. Mime,Psychic,Fairy,40,45,65,100,120,90,460,76.67,1,0.02077%,RU,3
155,122,Mr. Mime,Psychic,Fairy,40,45,65,100,120,90,460,76.67,1,2.01093%,NU,2
156,122,Mr. Mime,Psychic,Fairy,40,45,65,100,120,90,460,76.67,1,9.35161%,PU,1
157,129,Magikarp,Water,,20,10,55,15,20,80,200,33.33,1,0.00007%,OU,5
158,129,Magikarp,Water,,20,10,55,15,20,80,200,33.33,1,0.00008%,PU,1
159,130,Gyarados,Water,Flying,95,125,79,60,100,81,540,90.0,1,3.42311%,OU,5
160,131,Lapras,Water,Ice,130,85,80,85,95,60,535,89.17,1,0.08924%,OU,5
161,131,Lapras,Water,Ice,130,85,80,85,95,60,535,89.17,1,0.00954%,UU,4
162,131,Lapras,Water,Ice,130,85,80,85,95,60,535,89.17,1,0.20048%,RU,3
163,131,Lapras,Water,Ice,130,85,80,85,95,60,535,89.17,1,0.20574%,NU,2
164,131,Lapras,Water,Ice,130,85,80,85,95,60,535,89.17,1,14.60255%,PU,1
165,132,Ditto,Normal,,48,48,48,48,48,48,288,48.0,1,3.48548%,OU,5
166,133,Eevee,Normal,,55,55,50,45,65,55,325,54.17,1,0.00001%,OU,5
167,133,Eevee,Normal,,55,55,50,45,65,55,325,54.17,1,0.00011%,UU,4
168,133,Eevee,Normal,,55,55,50,45,65,55,325,54.17,1,0.00022%,NU,2
169,133,Eevee,Normal,,55,55,50,45,65,55,325,54.17,1,0.00002%,PU,1
170,134,Vaporeon,Water,,130,65,60,110,95,65,525,87.5,1,1.46355%,OU,5
171,134,Vaporeon,Water,,130,65,60,110,95,65,525,87.5,1,1.72130%,UU,4
172,135,Jolteon,Electric,,65,65,60,110,95,130,525,87.5,1,0.03593%,OU,5
173,135,Jolteon,Electric,,65,65,60,110,95,130,525,87.5,1,0.25949%,UU,4
174,135,Jolteon,Electric,,65,65,60,110,95,130,525,87.5,1,0.54885%,RU,3
175,135,Jolteon,Electric,,65,65,60,110,95,130,525,87.5,1,2.23775%,NU,2
176,136,Flareon,Fire,,65,130,60,95,110,65,525,87.5,1,0.01296%,OU,5
177,136,Flareon,Fire,,65,130,60,95,110,65,525,87.5,1,0.04642%,UU,4
178,136,Flareon,Fire,,65,130,60,95,110,65,525,87.5,1,0.12764%,RU,3
179,136,Flareon,Fire,,65,130,60,95,110,65,525,87.5,1,6.95578%,NU,2
180,143,Snorlax,Normal,,160,110,65,65,110,30,540,90.0,1,3.66445%,OU,5
181,143,Snorlax,Normal,,160,110,65,65,110,30,540,90.0,1,2.12523%,UU,4
182,143,Snorlax,Normal,,160,110,65,65,110,30,540,90.0,1,25.02356%,RU,3
183,151,Mew,Psychic,,100,100,100,100,100,100,600,100.0,1,8.73222%,OU,5
184,163,Hoothoot,Normal,Flying,60,30,30,36,56,50,262,43.67,2,0.00004%,RU,3
185,163,Hoothoot,Normal,Flying,60,30,30,36,56,50,262,43.67,2,0.00004%,NU,2
186,164,Noctowl,Normal,Flying,100,50,50,86,96,70,452,75.33,2,0.01216%,OU,5
187,164,Noctowl,Normal,Flying,100,50,50,86,96,70,452,75.33,2,0.01282%,UU,4
188,164,Noctowl,Normal,Flying,100,50,50,86,96,70,452,75.33,2,0.09449%,RU,3
189,164,Noctowl,Normal,Flying,100,50,50,86,96,70,452,75.33,2,0.38558%,NU,2
190,164,Noctowl,Normal,Flying,100,50,50,86,96,70,452,75.33,2,5.62461%,PU,1
191,170,Chinchou,Water,Electric,75,38,38,56,56,67,330,55.0,2,0.00004%,NU,2
192,170,Chinchou,Water,Electric,75,38,38,56,56,67,330,55.0,2,0.13976%,PU,1
193,171,Lanturn,Water,Electric,125,58,58,76,76,67,460,76.67,2,0.05058%,OU,5
194,171,Lanturn,Water,Electric,125,58,58,76,76,67,460,76.67,2,0.03641%,UU,4
195,171,Lanturn,Water,Electric,125,58,58,76,76,67,460,76.67,2,0.74252%,RU,3
196,171,Lanturn,Water,Electric,125,58,58,76,76,67,460,76.67,2,14.82065%,NU,2
197,172,Pichu,Electric,,20,40,15,35,35,60,205,34.17,2,0.00001%,OU,5
198,172,Pichu,Electric,,20,40,15,35,35,60,205,34.17,2,0.00045%,PU,1
199,173,Cleffa,Fairy,,50,25,28,45,55,15,218,36.33,2,0.00004%,RU,3
200,173,Cleffa,Fairy,,50,25,28,45,55,15,218,36.33,2,0.00004%,NU,2
201,175,Togepi,Fairy,,35,20,65,40,65,20,245,40.83,2,0.00005%,OU,5
202,176,Togetic,Fairy,Flying,55,40,85,80,105,40,405,67.5,2,0.00519%,OU,5
203,176,Togetic,Fairy,Flying,55,40,85,80,105,40,405,67.5,2,0.02502%,UU,4
204,176,Togetic,Fairy,Flying,55,40,85,80,105,40,405,67.5,2,0.25895%,RU,3
205,176,Togetic,Fairy,Flying,55,40,85,80,105,40,405,67.5,2,0.14919%,NU,2
206,176,Togetic,Fairy,Flying,55,40,85,80,105,40,405,67.5,2,3.22276%,PU,1
207,177,Natu,Psychic,Flying,40,50,45,70,45,70,320,53.33,2,0.00010%,OU,5
208,177,Natu,Psychic,Flying,40,50,45,70,45,70,320,53.33,2,0.27197%,NU,2
209,177,Natu,Psychic,Flying,40,50,45,70,45,70,320,53.33,2,0.51662%,PU,1
210,178,Xatu,Psychic,Flying,65,75,70,95,70,95,470,78.33,2,0.37584%,OU,5
211,178,Xatu,Psychic,Flying,65,75,70,95,70,95,470,78.33,2,3.54654%,UU,4
212,178,Xatu,Psychic,Flying,65,75,70,95,70,95,470,78.33,2,27.03527%,RU,3
213,182,Bellossom,Grass,,75,80,95,90,100,50,490,81.67,2,0.00797%,OU,5
214,182,Bellossom,Grass,,75,80,95,90,100,50,490,81.67,2,0.00390%,UU,4
215,182,Bellossom,Grass,,75,80,95,90,100,50,490,81.67,2,0.01516%,RU,3
216,182,Bellossom,Grass,,75,80,95,90,100,50,490,81.67,2,0.27186%,NU,2
217,182,Bellossom,Grass,,75,80,95,90,100,50,490,81.67,2,3.64990%,PU,1
218,185,Sudowoodo,Rock,,70,100,115,30,65,30,410,68.33,2,0.00242%,OU,5
219,185,Sudowoodo,Rock,,70,100,115,30,65,30,410,68.33,2,0.02546%,UU,4
220,185,Sudowoodo,Rock,,70,100,115,30,65,30,410,68.33,2,0.01062%,RU,3
221,185,Sudowoodo,Rock,,70,100,115,30,65,30,410,68.33,2,0.03518%,NU,2
222,185,Sudowoodo,Rock,,70,100,115,30,65,30,410,68.33,2,1.07699%,PU,1
223,194,Wooper,Water,Ground,55,45,45,25,25,15,210,35.0,2,0.00004%,OU,5
224,194,Wooper,Water,Ground,55,45,45,25,25,15,210,35.0,2,0.00001%,NU,2
225,194,Wooper,Water,Ground,55,45,45,25,25,15,210,35.0,2,0.03160%,PU,1
226,195,Quagsire,Water,Ground,95,85,85,65,65,35,430,71.67,2,2.07714%,OU,5
227,195,Quagsire,Water,Ground,95,85,85,65,65,35,430,71.67,2,4.27291%,UU,4
228,195,Quagsire,Water,Ground,95,85,85,65,65,35,430,71.67,2,1.58780%,RU,3
229,195,Quagsire,Water,Ground,95,85,85,65,65,35,430,71.67,2,11.63595%,NU,2
230,196,Espeon,Psychic,,65,65,60,130,95,110,525,87.5,2,0.52719%,OU,5
231,196,Espeon,Psychic,,65,65,60,130,95,110,525,87.5,2,5.72686%,UU,4
232,197,Umbreon,Dark,,95,65,110,60,130,65,525,87.5,2,0.49132%,OU,5
233,197,Umbreon,Dark,,95,65,110,60,130,65,525,87.5,2,10.94784%,UU,4
234,202,Wobbuffet,Psychic,,190,33,58,33,58,33,405,67.5,2,0.00050%,OU,5
235,202,Wobbuffet,Psychic,,190,33,58,33,58,33,405,67.5,2,0.00164%,UU,4
236,202,Wobbuffet,Psychic,,190,33,58,33,58,33,405,67.5,2,0.00002%,RU,3
237,202,Wobbuffet,Psychic,,190,33,58,33,58,33,405,67.5,2,0.00039%,NU,2
238,202,Wobbuffet,Psychic,,190,33,58,33,58,33,405,67.5,2,0.00002%,NU,2
239,202,Wobbuffet,Psychic,,190,33,58,33,58,33,405,67.5,2,0.03094%,PU,1
240,208,Steelix,Steel,Ground,75,85,200,55,65,30,510,85.0,2,0.26853%,OU,5
241,208,Steelix,Steel,Ground,75,85,200,55,65,30,510,85.0,2,3.24583%,UU,4
242,208,Steelix,Steel,Ground,75,85,200,55,65,30,510,85.0,2,32.52857%,RU,3
243,211,Qwilfish,Water,Poison,65,95,85,55,55,85,440,73.33,2,0.01209%,OU,5
244,211,Qwilfish,Water,Poison,65,95,85,55,55,85,440,73.33,2,0.53751%,UU,4
245,211,Qwilfish,Water,Poison,65,95,85,55,55,85,440,73.33,2,3.98666%,RU,3
246,211,Qwilfish,Water,Poison,65,95,85,55,55,85,440,73.33,2,4.64398%,NU,2
247,213,Shuckle,Bug,Rock,20,10,230,10,230,5,505,84.17,2,1.38752%,OU,5
248,213,Shuckle,Bug,Rock,20,10,230,10,230,5,505,84.17,2,0.20186%,UU,4
249,213,Shuckle,Bug,Rock,20,10,230,10,230,5,505,84.17,2,0.51151%,RU,3
250,213,Shuckle,Bug,Rock,20,10,230,10,230,5,505,84.17,2,0.83452%,NU,2
251,213,Shuckle,Bug,Rock,20,10,230,10,230,5,505,84.17,2,9.83938%,PU,1
252,215,Sneasel,Dark,Ice,55,95,55,35,75,115,430,71.67,2,0.00025%,OU,5
253,215,Sneasel,Dark,Ice,55,95,55,35,75,115,430,71.67,2,0.05589%,UU,4
254,215,Sneasel,Dark,Ice,55,95,55,35,75,115,430,71.67,2,3.18999%,RU,3
255,215,Sneasel,Dark,Ice,55,95,55,35,75,115,430,71.67,2,2.80859%,NU,2
256,220,Swinub,Ice,Ground,50,50,40,30,30,50,250,41.67,2,0.00114%,OU,5
257,220,Swinub,Ice,Ground,50,50,40,30,30,50,250,41.67,2,0.00003%,RU,3
258,220,Swinub,Ice,Ground,50,50,40,30,30,50,250,41.67,2,0.00003%,NU,2
259,220,Swinub,Ice,Ground,50,50,40,30,30,50,250,41.67,2,0.00097%,PU,1
260,221,Piloswine,Ice,Ground,100,100,80,60,60,50,450,75.0,2,0.01405%,OU,5
261,221,Piloswine,Ice,Ground,100,100,80,60,60,50,450,75.0,2,0.06576%,UU,4
262,221,Piloswine,Ice,Ground,100,100,80,60,60,50,450,75.0,2,1.04686%,RU,3
263,221,Piloswine,Ice,Ground,100,100,80,60,60,50,450,75.0,2,12.86726%,NU,2
264,222,Corsola,Water,Rock,65,55,95,65,95,35,410,68.33,2,0.00428%,OU,5
265,222,Corsola,Water,Rock,65,55,95,65,95,35,410,68.33,2,0.02189%,UU,4
266,222,Corsola,Water,Rock,65,55,95,65,95,35,410,68.33,2,0.54099%,RU,3
267,223,Remoraid,Water,,35,65,35,65,35,65,300,50.0,2,0.00608%,PU,1
268,224,Octillery,Water,,75,105,75,105,75,45,480,80.0,2,0.02298%,OU,5
269,224,Octillery,Water,,75,105,75,105,75,45,480,80.0,2,0.00080%,UU,4
270,224,Octillery,Water,,75,105,75,105,75,45,480,80.0,2,0.01429%,RU,3
271,224,Octillery,Water,,75,105,75,105,75,45,480,80.0,2,0.05201%,NU,2
272,224,Octillery,Water,,75,105,75,105,75,45,480,80.0,2,1.24357%,PU,1
273,225,Delibird,Ice,Flying,45,55,45,65,45,75,330,55.0,2,0.00097%,OU,5
274,225,Delibird,Ice,Flying,45,55,45,65,45,75,330,55.0,2,0.00016%,UU,4
275,225,Delibird,Ice,Flying,45,55,45,65,45,75,330,55.0,2,0.02029%,RU,3
276,225,Delibird,Ice,Flying,45,55,45,65,45,75,330,55.0,2,0.00345%,NU,2
277,225,Delibird,Ice,Flying,45,55,45,65,45,75,330,55.0,2,1.99427%,PU,1
278,226,Mantine,Water,Flying,85,40,70,80,140,70,485,80.83,2,1.92495%,OU,5
279,226,Mantine,Water,Flying,85,40,70,80,140,70,485,80.83,2,4.94760%,UU,4
280,226,Mantine,Water,Flying,85,40,70,80,140,70,485,80.83,2,0.47945%,RU,3
281,236,Tyrogue,Fighting,,35,35,35,35,35,35,210,35.0,2,0.00002%,PU,1
282,237,Hitmontop,Fighting,,50,95,95,35,110,70,455,75.83,2,0.02410%,OU,5
283,237,Hitmontop,Fighting,,50,95,95,35,110,70,455,75.83,2,0.98871%,UU,4
284,237,Hitmontop,Fighting,,50,95,95,35,110,70,455,75.83,2,0.27163%,RU,3
285,237,Hitmontop,Fighting,,50,95,95,35,110,70,455,75.83,2,2.15095%,NU,2
286,246,Larvitar,Rock,Ground,50,64,50,45,50,41,300,50.0,2,0.00088%,PU,1
287,247,Pupitar,Rock,Ground,70,84,70,65,70,51,410,68.33,2,0.00031%,OU,5
288,247,Pupitar,Rock,Ground,70,84,70,65,70,51,410,68.33,2,0.00010%,UU,4
289,247,Pupitar,Rock,Ground,70,84,70,65,70,51,410,68.33,2,0.00013%,RU,3
290,247,Pupitar,Rock,Ground,70,84,70,65,70,51,410,68.33,2,0.00001%,NU,2
291,247,Pupitar,Rock,Ground,70,84,70,65,70,51,410,68.33,2,0.00013%,NU,2
292,247,Pupitar,Rock,Ground,70,84,70,65,70,51,410,68.33,2,0.49874%,PU,1
293,248,Tyranitar,Rock,Dark,100,134,110,95,100,61,600,100.0,2,9.02628%,OU,5
294,251,Celebi,Psychic,Grass,100,100,100,100,100,100,600,100.0,2,1.27989%,OU,5
295,251,Celebi,Psychic,Grass,100,100,100,100,100,100,600,100.0,2,18.17405%,UU,4
296,263,Zigzagoon,Normal,,38,30,41,30,41,60,240,40.0,3,0.00002%,OU,5
297,263,Zigzagoon,Normal,,38,30,41,30,41,60,240,40.0,3,0.00001%,NU,2
298,263,Zigzagoon,Normal,,38,30,41,30,41,60,240,40.0,3,0.00050%,PU,1
299,264,Linoone,Normal,,78,70,61,50,61,100,420,70.0,3,0.00935%,OU,5
300,264,Linoone,Normal,,78,70,61,50,61,100,420,70.0,3,1.64065%,UU,4
301,264,Linoone,Normal,,78,70,61,50,61,100,420,70.0,3,1.87319%,RU,3
302,271,Lombre,Water,Grass,60,50,50,60,70,50,340,56.67,3,0.00624%,PU,1
303,272,Ludicolo,Water,Grass,80,70,70,90,100,70,480,80.0,3,0.10942%,OU,5
304,272,Ludicolo,Water,Grass,80,70,70,90,100,70,480,80.0,3,0.02157%,UU,4
305,272,Ludicolo,Water,Grass,80,70,70,90,100,70,480,80.0,3,0.36199%,RU,3
306,272,Ludicolo,Water,Grass,80,70,70,90,100,70,480,80.0,3,0.92663%,NU,2
307,272,Ludicolo,Water,Grass,80,70,70,90,100,70,480,80.0,3,5.27880%,PU,1
308,273,Seedot,Grass,,40,40,50,30,30,30,220,36.67,3,0.00001%,OU,5
309,273,Seedot,Grass,,40,40,50,30,30,30,220,36.67,3,0.00080%,RU,3
310,273,Seedot,Grass,,40,40,50,30,30,30,220,36.67,3,0.00080%,NU,2
311,274,Nuzleaf,Grass,Dark,70,70,40,60,40,60,340,56.67,3,0.00042%,NU,2
312,274,Nuzleaf,Grass,Dark,70,70,40,60,40,60,340,56.67,3,0.00246%,PU,1
313,275,Shiftry,Grass,Dark,90,100,60,90,60,80,480,80.0,3,0.07660%,OU,5
314,275,Shiftry,Grass,Dark,90,100,60,90,60,80,480,80.0,3,0.73057%,UU,4
315,278,Wingull,Water,Flying,40,30,30,55,30,85,270,45.0,3,0.00001%,OU,5
316,278,Wingull,Water,Flying,40,30,30,55,30,85,270,45.0,3,0.00001%,UU,4
317,279,Pelipper,Water,Flying,60,50,100,95,70,65,440,73.33,3,5.51101%,OU,5
318,280,Ralts,Psychic,Fairy,28,25,25,45,35,40,198,33.0,3,0.00003%,RU,3
319,280,Ralts,Psychic,Fairy,28,25,25,45,35,40,198,33.0,3,0.00003%,NU,2
320,281,Kirlia,Psychic,Fairy,38,35,35,65,55,50,278,46.33,3,0.00001%,OU,5
321,281,Kirlia,Psychic,Fairy,38,35,35,65,55,50,278,46.33,3,0.00018%,RU,3
322,281,Kirlia,Psychic,Fairy,38,35,35,65,55,50,278,46.33,3,0.00003%,NU,2
323,281,Kirlia,Psychic,Fairy,38,35,35,65,55,50,278,46.33,3,0.00018%,NU,2
324,281,Kirlia,Psychic,Fairy,38,35,35,65,55,50,278,46.33,3,0.02740%,PU,1
325,282,Gardevoir,Psychic,Fairy,68,65,65,125,115,80,518,86.33,3,1.07400%,OU,5
326,282,Gardevoir,Psychic,Fairy,68,65,65,125,115,80,518,86.33,3,14.31101%,UU,4
327,291,Ninjask,Bug,Flying,61,90,45,50,50,160,456,76.0,3,0.00346%,OU,5
328,291,Ninjask,Bug,Flying,61,90,45,50,50,160,456,76.0,3,0.01450%,UU,4
329,291,Ninjask,Bug,Flying,61,90,45,50,50,160,456,76.0,3,6.12458%,RU,3
330,291,Ninjask,Bug,Flying,61,90,45,50,50,160,456,76.0,3,9.92055%,NU,2
331,291,Ninjask,Bug,Flying,61,90,45,50,50,160,456,76.0,3,0.61838%,PU,1
332,292,Shedinja,Bug,Ghost,1,90,45,30,30,40,236,39.33,3,0.15258%,OU,5
333,292,Shedinja,Bug,Ghost,1,90,45,30,30,40,236,39.33,3,0.70875%,UU,4
334,292,Shedinja,Bug,Ghost,1,90,45,30,30,40,236,39.33,3,0.03285%,RU,3
335,292,Shedinja,Bug,Ghost,1,90,45,30,30,40,236,39.33,3,0.18429%,NU,2
336,292,Shedinja,Bug,Ghost,1,90,45,30,30,40,236,39.33,3,1.78333%,PU,1
337,302,Sableye,Dark,Ghost,50,75,75,65,65,50,380,63.33,3,0.32167%,OU,5
338,302,Sableye,Dark,Ghost,50,75,75,65,65,50,380,63.33,3,0.07808%,UU,4
339,302,Sableye,Dark,Ghost,50,75,75,65,65,50,380,63.33,3,11.90961%,RU,3
340,303,Mawile,Steel,Fairy,50,85,85,55,55,50,380,63.33,3,0.02304%,OU,5
341,303,Mawile,Steel,Fairy,50,85,85,55,55,50,380,63.33,3,0.01982%,UU,4
342,303,Mawile,Steel,Fairy,50,85,85,55,55,50,380,63.33,3,0.13813%,RU,3
343,303,Mawile,Steel,Fairy,50,85,85,55,55,50,380,63.33,3,4.93407%,NU,2
344,303,Mawile,Steel,Fairy,50,85,85,55,55,50,380,63.33,3,30.25689%,PU,1
345,309,Electrike,Electric,,40,45,40,65,40,65,295,49.17,3,0.00004%,PU,1
346,310,Manectric,Electric,,70,75,60,105,60,105,475,79.17,3,0.00550%,OU,5
347,310,Manectric,Electric,,70,75,60,105,60,105,475,79.17,3,0.01657%,UU,4
348,310,Manectric,Electric,,70,75,60,105,60,105,475,79.17,3,0.07706%,RU,3
349,310,Manectric,Electric,,70,75,60,105,60,105,475,79.17,3,0.24639%,NU,2
350,310,Manectric,Electric,,70,75,60,105,60,105,475,79.17,3,21.35988%,PU,1
351,315,Roselia,Grass,Poison,50,60,45,100,80,65,400,66.67,3,0.00004%,OU,5
352,315,Roselia,Grass,Poison,50,60,45,100,80,65,400,66.67,3,0.00055%,UU,4
353,315,Roselia,Grass,Poison,50,60,45,100,80,65,400,66.67,3,0.05607%,RU,3
354,315,Roselia,Grass,Poison,50,60,45,100,80,65,400,66.67,3,0.27828%,NU,2
355,315,Roselia,Grass,Poison,50,60,45,100,80,65,400,66.67,3,17.36550%,PU,1
356,320,Wailmer,Water,,130,70,35,70,35,60,400,66.67,3,0.00001%,OU,5
357,320,Wailmer,Water,,130,70,35,70,35,60,400,66.67,3,0.00001%,PU,1
358,321,Wailord,Water,,170,90,45,90,45,60,500,83.33,3,0.00402%,OU,5
359,321,Wailord,Water,,170,90,45,90,45,60,500,83.33,3,0.00132%,UU,4
360,321,Wailord,Water,,170,90,45,90,45,60,500,83.33,3,0.03421%,RU,3
361,321,Wailord,Water,,170,90,45,90,45,60,500,83.33,3,0.01991%,NU,2
362,321,Wailord,Water,,170,90,45,90,45,60,500,83.33,3,0.77892%,PU,1
363,324,Torkoal,Fire,,70,85,140,85,70,20,470,78.33,3,1.66798%,OU,5
364,324,Torkoal,Fire,,70,85,140,85,70,20,470,78.33,3,5.31810%,UU,4
365,328,Trapinch,Ground,,45,100,45,45,45,10,290,48.33,3,0.00003%,OU,5
366,328,Trapinch,Ground,,45,100,45,45,45,10,290,48.33,3,0.00219%,UU,4
367,328,Trapinch,Ground,,45,100,45,45,45,10,290,48.33,3,0.00074%,RU,3
368,328,Trapinch,Ground,,45,100,45,45,45,10,290,48.33,3,0.00196%,NU,2
369,328,Trapinch,Ground,,45,100,45,45,45,10,290,48.33,3,0.00074%,NU,2
370,328,Trapinch,Ground,,45,100,45,45,45,10,290,48.33,3,0.16723%,PU,1
371,329,Vibrava,Ground,Dragon,50,70,50,50,50,70,340,56.67,3,0.00266%,RU,3
372,329,Vibrava,Ground,Dragon,50,70,50,50,50,70,340,56.67,3,0.05406%,NU,2
373,329,Vibrava,Ground,Dragon,50,70,50,50,50,70,340,56.67,3,5.58857%,PU,1
374,330,Flygon,Ground,Dragon,80,100,80,80,80,100,520,86.67,3,0.42529%,OU,5
375,330,Flygon,Ground,Dragon,80,100,80,80,80,100,520,86.67,3,13.01953%,UU,4
376,337,Lunatone,Rock,Psychic,90,55,65,95,85,70,460,76.67,3,0.00052%,OU,5
377,337,Lunatone,Rock,Psychic,90,55,65,95,85,70,460,76.67,3,0.00053%,UU,4
378,337,Lunatone,Rock,Psychic,90,55,65,95,85,70,460,76.67,3,0.42207%,RU,3
379,337,Lunatone,Rock,Psychic,90,55,65,95,85,70,460,76.67,3,0.14904%,NU,2
380,337,Lunatone,Rock,Psychic,90,55,65,95,85,70,460,76.67,3,1.95200%,PU,1
381,338,Solrock,Rock,Psychic,90,95,85,55,65,70,460,76.67,3,0.00085%,OU,5
382,338,Solrock,Rock,Psychic,90,95,85,55,65,70,460,76.67,3,0.01166%,UU,4
383,338,Solrock,Rock,Psychic,90,95,85,55,65,70,460,76.67,3,0.00802%,RU,3
384,338,Solrock,Rock,Psychic,90,95,85,55,65,70,460,76.67,3,0.18303%,NU,2
385,338,Solrock,Rock,Psychic,90,95,85,55,65,70,460,76.67,3,3.79687%,PU,1
386,340,Whiscash,Water,Ground,110,78,73,76,71,60,468,78.0,3,0.00126%,OU,5
387,340,Whiscash,Water,Ground,110,78,73,76,71,60,468,78.0,3,0.00069%,UU,4
388,340,Whiscash,Water,Ground,110,78,73,76,71,60,468,78.0,3,0.02045%,RU,3
389,340,Whiscash,Water,Ground,110,78,73,76,71,60,468,78.0,3,0.07166%,NU,2
390,340,Whiscash,Water,Ground,110,78,73,76,71,60,468,78.0,3,2.77617%,PU,1
391,341,Corphish,Water,,43,80,65,50,35,35,308,51.33,3,0.00001%,RU,3
392,341,Corphish,Water,,43,80,65,50,35,35,308,51.33,3,0.00001%,NU,2
393,341,Corphish,Water,,43,80,65,50,35,35,308,51.33,3,0.23980%,PU,1
394,342,Crawdaunt,Water,Dark,63,120,85,90,55,55,468,78.0,3,1.95523%,OU,5
395,343,Baltoy,Ground,Psychic,40,40,55,40,70,55,300,50.0,3,0.00001%,NU,2
396,343,Baltoy,Ground,Psychic,40,40,55,40,70,55,300,50.0,3,0.07157%,PU,1
397,344,Claydol,Ground,Psychic,60,70,105,70,120,75,500,83.33,3,0.08130%,OU,5
398,344,Claydol,Ground,Psychic,60,70,105,70,120,75,500,83.33,3,0.70978%,UU,4
399,344,Claydol,Ground,Psychic,60,70,105,70,120,75,500,83.33,3,6.57879%,RU,3
400,350,Milotic,Water,,95,60,79,100,125,81,540,90.0,3,0.19777%,OU,5
401,350,Milotic,Water,,95,60,79,100,125,81,540,90.0,3,5.72559%,UU,4
402,355,Duskull,Ghost,,20,40,90,30,90,25,295,49.17,3,0.00001%,OU,5
403,356,Dusclops,Ghost,,40,70,130,60,130,25,455,75.83,3,0.02508%,OU,5
404,356,Dusclops,Ghost,,40,70,130,60,130,25,455,75.83,3,0.74089%,UU,4
405,356,Dusclops,Ghost,,40,70,130,60,130,25,455,75.83,3,0.08838%,RU,3
406,356,Dusclops,Ghost,,40,70,130,60,130,25,455,75.83,3,0.12596%,NU,2
407,356,Dusclops,Ghost,,40,70,130,60,130,25,455,75.83,3,2.15609%,PU,1
408,361,Snorunt,Ice,,50,50,50,50,50,50,300,50.0,3,0.00001%,OU,5
409,362,Glalie,Ice,,80,80,80,80,80,80,480,80.0,3,0.00009%,OU,5
410,362,Glalie,Ice,,80,80,80,80,80,80,480,80.0,3,0.00091%,UU,4
411,362,Glalie,Ice,,80,80,80,80,80,80,480,80.0,3,0.00623%,RU,3
412,362,Glalie,Ice,,80,80,80,80,80,80,480,80.0,3,0.00023%,NU,2
413,362,Glalie,Ice,,80,80,80,80,80,80,480,80.0,3,1.16542%,PU,1
414,385,Jirachi,Steel,Psychic,100,100,100,100,100,100,600,100.0,3,6.32025%,OU,5
415,406,Budew,Grass,Poison,40,30,35,50,70,55,280,46.67,4,0.00006%,PU,1
416,407,Roserade,Grass,Poison,60,70,65,125,105,90,515,85.83,4,0.37039%,OU,5
417,407,Roserade,Grass,Poison,60,70,65,125,105,90,515,85.83,4,15.08402%,UU,4
418,416,Vespiquen,Bug,Flying,70,80,102,80,102,40,474,79.0,4,0.00241%,OU,5
419,416,Vespiquen,Bug,Flying,70,80,102,80,102,40,474,79.0,4,0.00528%,UU,4
420,416,Vespiquen,Bug,Flying,70,80,102,80,102,40,474,79.0,4,0.13530%,RU,3
421,416,Vespiquen,Bug,Flying,70,80,102,80,102,40,474,79.0,4,0.10113%,NU,2
422,416,Vespiquen,Bug,Flying,70,80,102,80,102,40,474,79.0,4,7.76713%,PU,1
423,420,Cherubi,Grass,,45,35,45,62,53,35,275,45.83,4,0.00840%,OU,5
424,420,Cherubi,Grass,,45,35,45,62,53,35,275,45.83,4,0.00001%,RU,3
425,420,Cherubi,Grass,,45,35,45,62,53,35,275,45.83,4,0.00001%,NU,2
426,421,Cherrim,Grass,,70,60,70,87,78,85,450,75.0,4,0.00017%,OU,5
427,421,Cherrim,Grass,,70,60,70,87,78,85,450,75.0,4,0.00198%,UU,4
428,421,Cherrim,Grass,,70,60,70,87,78,85,450,75.0,4,0.02085%,RU,3
429,421,Cherrim,Grass,,70,60,70,87,78,85,450,75.0,4,0.00291%,NU,2
430,421,Cherrim,Grass,,70,60,70,87,78,85,450,75.0,4,0.13442%,PU,1
431,422,Shellos,Water,,76,48,48,57,62,34,325,54.17,4,0.00016%,OU,5
432,422,Shellos,Water,,76,48,48,57,62,34,325,54.17,4,0.02753%,NU,2
433,422,Shellos,Water,,76,48,48,57,62,34,325,54.17,4,0.00444%,PU,1
434,423,Gastrodon,Water,Ground,111,83,68,92,82,39,475,79.17,4,1.55418%,OU,5
435,423,Gastrodon,Water,Ground,111,83,68,92,82,39,475,79.17,4,4.51855%,UU,4
436,423,Gastrodon,Water,Ground,111,83,68,92,82,39,475,79.17,4,11.72805%,RU,3
437,425,Drifloon,Ghost,Flying,90,50,34,60,44,70,348,58.0,4,0.00009%,OU,5
438,425,Drifloon,Ghost,Flying,90,50,34,60,44,70,348,58.0,4,0.00002%,RU,3
439,425,Drifloon,Ghost,Flying,90,50,34,60,44,70,348,58.0,4,0.00002%,NU,2
440,425,Drifloon,Ghost,Flying,90,50,34,60,44,70,348,58.0,4,0.00277%,PU,1
441,426,Drifblim,Ghost,Flying,150,80,44,90,54,80,498,83.0,4,0.03579%,OU,5
442,426,Drifblim,Ghost,Flying,150,80,44,90,54,80,498,83.0,4,0.05402%,UU,4
443,426,Drifblim,Ghost,Flying,150,80,44,90,54,80,498,83.0,4,0.44636%,RU,3
444,426,Drifblim,Ghost,Flying,150,80,44,90,54,80,498,83.0,4,7.06453%,NU,2
445,434,Stunky,Poison,Dark,63,63,47,41,41,74,329,54.83,4,0.00001%,OU,5
446,434,Stunky,Poison,Dark,63,63,47,41,41,74,329,54.83,4,0.00010%,UU,4
447,434,Stunky,Poison,Dark,63,63,47,41,41,74,329,54.83,4,0.00008%,PU,1
448,435,Skuntank,Poison,Dark,103,93,67,71,61,84,479,79.83,4,0.00194%,OU,5
449,435,Skuntank,Poison,Dark,103,93,67,71,61,84,479,79.83,4,0.01200%,UU,4
450,435,Skuntank,Poison,Dark,103,93,67,71,61,84,479,79.83,4,0.34954%,RU,3
451,435,Skuntank,Poison,Dark,103,93,67,71,61,84,479,79.83,4,8.07930%,NU,2
452,436,Bronzor,Steel,Psychic,57,24,86,24,86,23,300,50.0,4,0.00002%,OU,5
453,436,Bronzor,Steel,Psychic,57,24,86,24,86,23,300,50.0,4,0.00512%,RU,3
454,436,Bronzor,Steel,Psychic,57,24,86,24,86,23,300,50.0,4,0.25600%,NU,2
455,436,Bronzor,Steel,Psychic,57,24,86,24,86,23,300,50.0,4,1.14122%,PU,1
456,437,Bronzong,Steel,Psychic,67,89,116,79,116,33,500,83.33,4,0.20236%,OU,5
457,437,Bronzong,Steel,Psychic,67,89,116,79,116,33,500,83.33,4,14.67460%,UU,4
458,439,Mime Jr.,Psychic,Fairy,20,25,45,70,90,60,310,51.67,4,0.00011%,OU,5
459,439,Mime Jr.,Psychic,Fairy,20,25,45,70,90,60,310,51.67,4,0.00002%,UU,4
460,439,Mime Jr.,Psychic,Fairy,20,25,45,70,90,60,310,51.67,4,0.00002%,PU,1
461,446,Munchlax,Normal,,135,85,40,40,85,5,390,65.0,4,0.00649%,OU,5
462,446,Munchlax,Normal,,135,85,40,40,85,5,390,65.0,4,0.00539%,UU,4
463,446,Munchlax,Normal,,135,85,40,40,85,5,390,65.0,4,0.00424%,RU,3
464,446,Munchlax,Normal,,135,85,40,40,85,5,390,65.0,4,0.11301%,NU,2
465,446,Munchlax,Normal,,135,85,40,40,85,5,390,65.0,4,3.38817%,PU,1
466,447,Riolu,Fighting,,40,70,40,35,40,60,285,47.5,4,0.00844%,OU,5
467,447,Riolu,Fighting,,40,70,40,35,40,60,285,47.5,4,0.00006%,UU,4
468,447,Riolu,Fighting,,40,70,40,35,40,60,285,47.5,4,0.00011%,NU,2
469,447,Riolu,Fighting,,40,70,40,35,40,60,285,47.5,4,0.00828%,PU,1
470,448,Lucario,Fighting,Steel,70,110,70,115,70,90,525,87.5,4,0.24285%,OU,5
471,448,Lucario,Fighting,Steel,70,110,70,115,70,90,525,87.5,4,4.75715%,UU,4
472,449,Hippopotas,Ground,,68,72,78,38,42,32,330,55.0,4,0.00001%,OU,5
473,449,Hippopotas,Ground,,68,72,78,38,42,32,330,55.0,4,0.00194%,UU,4
474,449,Hippopotas,Ground,,68,72,78,38,42,32,330,55.0,4,0.00208%,RU,3
475,449,Hippopotas,Ground,,68,72,78,38,42,32,330,55.0,4,0.04210%,NU,2
476,449,Hippopotas,Ground,,68,72,78,38,42,32,330,55.0,4,0.00208%,NU,2
477,449,Hippopotas,Ground,,68,72,78,38,42,32,330,55.0,4,5.23292%,PU,1
478,450,Hippowdon,Ground,,108,112,118,68,72,47,525,87.5,4,25.68515%,OU,5
479,451,Skorupi,Poison,Bug,40,50,90,30,55,65,330,55.0,4,0.00005%,UU,4
480,451,Skorupi,Poison,Bug,40,50,90,30,55,65,330,55.0,4,0.01207%,PU,1
481,452,Drapion,Poison,Dark,70,90,110,60,75,95,500,83.33,4,0.06629%,OU,5
482,452,Drapion,Poison,Dark,70,90,110,60,75,95,500,83.33,4,2.90828%,UU,4
483,453,Croagunk,Poison,Fighting,48,61,40,61,40,50,300,50.0,4,0.00027%,PU,1
484,454,Toxicroak,Poison,Fighting,83,106,65,86,65,85,490,81.67,4,0.16662%,OU,5
485,454,Toxicroak,Poison,Fighting,83,106,65,86,65,85,490,81.67,4,0.75982%,UU,4
486,454,Toxicroak,Poison,Fighting,83,106,65,86,65,85,490,81.67,4,4.23909%,RU,3
487,454,Toxicroak,Poison,Fighting,83,106,65,86,65,85,490,81.67,4,19.18346%,NU,2
488,458,Mantyke,Water,Flying,45,20,50,60,120,50,345,57.5,4,0.00347%,RU,3
489,458,Mantyke,Water,Flying,45,20,50,60,120,50,345,57.5,4,0.00062%,NU,2
490,458,Mantyke,Water,Flying,45,20,50,60,120,50,345,57.5,4,0.00485%,PU,1
491,459,Snover,Grass,Ice,60,62,50,62,60,40,334,55.67,4,0.00010%,OU,5
492,459,Snover,Grass,Ice,60,62,50,62,60,40,334,55.67,4,0.15263%,PU,1
493,460,Abomasnow,Grass,Ice,90,92,75,92,85,60,494,82.33,4,0.01822%,OU,5
494,460,Abomasnow,Grass,Ice,90,92,75,92,85,60,494,82.33,4,0.40314%,UU,4
495,460,Abomasnow,Grass,Ice,90,92,75,92,85,60,494,82.33,4,0.16204%,RU,3
496,460,Abomasnow,Grass,Ice,90,92,75,92,85,60,494,82.33,4,11.13338%,NU,2
497,461,Weavile,Dark,Ice,70,120,65,45,85,125,510,85.0,4,0.71192%,OU,5
498,464,Rhyperior,Ground,Rock,115,140,130,55,55,40,535,89.17,4,0.99389%,OU,5
499,464,Rhyperior,Ground,Rock,115,140,130,55,55,40,535,89.17,4,17.64539%,UU,4
500,468,Togekiss,Fairy,Flying,85,50,95,120,115,80,545,90.83,4,7.77488%,OU,5
501,470,Leafeon,Grass,,65,110,130,60,65,95,525,87.5,4,0.04647%,OU,5
502,470,Leafeon,Grass,,65,110,130,60,65,95,525,87.5,4,0.25481%,UU,4
503,470,Leafeon,Grass,,65,110,130,60,65,95,525,87.5,4,1.16070%,RU,3
504,470,Leafeon,Grass,,65,110,130,60,65,95,525,87.5,4,3.56299%,NU,2
505,470,Leafeon,Grass,,65,110,130,60,65,95,525,87.5,4,10.17235%,PU,1
506,471,Glaceon,Ice,,65,60,110,130,95,65,525,87.5,4,0.00373%,OU,5
507,471,Glaceon,Ice,,65,60,110,130,95,65,525,87.5,4,0.00184%,UU,4
508,471,Glaceon,Ice,,65,60,110,130,95,65,525,87.5,4,0.03471%,RU,3
509,471,Glaceon,Ice,,65,60,110,130,95,65,525,87.5,4,1.50185%,NU,2
510,471,Glaceon,Ice,,65,60,110,130,95,65,525,87.5,4,18.01076%,PU,1
511,473,Mamoswine,Ice,Ground,110,130,80,70,60,80,530,88.33,4,2.32177%,OU,5
512,473,Mamoswine,Ice,Ground,110,130,80,70,60,80,530,88.33,4,4.47644%,UU,4
513,475,Gallade,Psychic,Fighting,68,125,65,65,115,80,518,86.33,4,0.09919%,OU,5
514,475,Gallade,Psychic,Fighting,68,125,65,65,115,80,518,86.33,4,0.47882%,UU,4
515,475,Gallade,Psychic,Fighting,68,125,65,65,115,80,518,86.33,4,5.55767%,RU,3
516,477,Dusknoir,Ghost,,45,100,135,65,135,45,525,87.5,4,0.00728%,OU,5
517,477,Dusknoir,Ghost,,45,100,135,65,135,45,525,87.5,4,0.02410%,UU,4
518,477,Dusknoir,Ghost,,45,100,135,65,135,45,525,87.5,4,0.03575%,RU,3
519,477,Dusknoir,Ghost,,45,100,135,65,135,45,525,87.5,4,0.13304%,NU,2
520,477,Dusknoir,Ghost,,45,100,135,65,135,45,525,87.5,4,2.12116%,PU,1
521,478,Froslass,Ice,Ghost,70,80,70,80,70,110,480,80.0,4,0.82104%,OU,5
522,478,Froslass,Ice,Ghost,70,80,70,80,70,110,480,80.0,4,2.43767%,UU,4
523,478,Froslass,Ice,Ghost,70,80,70,80,70,110,480,80.0,4,0.54858%,RU,3
524,478,Froslass,Ice,Ghost,70,80,70,80,70,110,480,80.0,4,5.62476%,NU,2
525,479,Rotom,Electric,Ghost,50,50,77,95,77,91,440,73.33,4,0.00445%,OU,5
526,479,Rotom,Electric,Ghost,50,50,77,95,77,91,440,73.33,4,0.02485%,UU,4
527,479,Rotom,Electric,Ghost,50,50,77,95,77,91,440,73.33,4,6.47335%,RU,3
528,509,Purrloin,Dark,,41,50,37,50,37,66,281,46.83,5,0.00001%,RU,3
529,509,Purrloin,Dark,,41,50,37,50,37,66,281,46.83,5,0.00001%,NU,2
530,510,Liepard,Dark,,64,88,50,88,50,106,446,74.33,5,0.00393%,OU,5
531,510,Liepard,Dark,,64,88,50,88,50,106,446,74.33,5,0.02925%,UU,4
532,510,Liepard,Dark,,64,88,50,88,50,106,446,74.33,5,0.10838%,RU,3
533,510,Liepard,Dark,,64,88,50,88,50,106,446,74.33,5,6.70960%,NU,2
534,510,Liepard,Dark,,64,88,50,88,50,106,446,74.33,5,10.27673%,PU,1
535,518,Musharna,Psychic,,116,55,85,107,95,29,487,81.17,5,0.00805%,OU,5
536,518,Musharna,Psychic,,116,55,85,107,95,29,487,81.17,5,0.01010%,UU,4
537,518,Musharna,Psychic,,116,55,85,107,95,29,487,81.17,5,0.77350%,RU,3
538,518,Musharna,Psychic,,116,55,85,107,95,29,487,81.17,5,0.33960%,NU,2
539,518,Musharna,Psychic,,116,55,85,107,95,29,487,81.17,5,14.36518%,PU,1
540,519,Pidove,Normal,Flying,50,55,50,36,30,43,264,44.0,5,0.00001%,PU,1
541,520,Tranquill,Normal,Flying,62,77,62,50,42,65,358,59.67,5,0.00001%,RU,3
542,520,Tranquill,Normal,Flying,62,77,62,50,42,65,358,59.67,5,0.00001%,NU,2
543,520,Tranquill,Normal,Flying,62,77,62,50,42,65,358,59.67,5,0.00229%,PU,1
544,521,Unfezant,Normal,Flying,80,115,80,65,55,93,488,81.33,5,0.00590%,OU,5
545,521,Unfezant,Normal,Flying,80,115,80,65,55,93,488,81.33,5,0.00816%,UU,4
546,521,Unfezant,Normal,Flying,80,115,80,65,55,93,488,81.33,5,0.22729%,RU,3
547,521,Unfezant,Normal,Flying,80,115,80,65,55,93,488,81.33,5,5.03873%,NU,2
548,524,Roggenrola,Rock,,55,75,85,25,25,15,280,46.67,5,0.00003%,OU,5
549,524,Roggenrola,Rock,,55,75,85,25,25,15,280,46.67,5,0.00004%,RU,3
550,524,Roggenrola,Rock,,55,75,85,25,25,15,280,46.67,5,0.00004%,NU,2
551,525,Boldore,Rock,,70,105,105,50,40,20,390,65.0,5,0.00005%,OU,5
552,525,Boldore,Rock,,70,105,105,50,40,20,390,65.0,5,0.00001%,UU,4
553,525,Boldore,Rock,,70,105,105,50,40,20,390,65.0,5,0.00029%,RU,3
554,525,Boldore,Rock,,70,105,105,50,40,20,390,65.0,5,0.00240%,NU,2
555,525,Boldore,Rock,,70,105,105,50,40,20,390,65.0,5,0.00029%,NU,2
556,525,Boldore,Rock,,70,105,105,50,40,20,390,65.0,5,0.11308%,PU,1
557,526,Gigalith,Rock,,85,135,130,60,80,25,515,85.83,5,0.33666%,OU,5
558,526,Gigalith,Rock,,85,135,130,60,80,25,515,85.83,5,14.39745%,UU,4
559,527,Woobat,Psychic,Flying,65,45,43,55,43,72,323,53.83,5,0.00028%,UU,4
560,527,Woobat,Psychic,Flying,65,45,43,55,43,72,323,53.83,5,0.00035%,PU,1
561,528,Swoobat,Psychic,Flying,67,57,55,77,55,114,425,70.83,5,0.01483%,OU,5
562,528,Swoobat,Psychic,Flying,67,57,55,77,55,114,425,70.83,5,0.06800%,UU,4
563,528,Swoobat,Psychic,Flying,67,57,55,77,55,114,425,70.83,5,0.22095%,RU,3
564,528,Swoobat,Psychic,Flying,67,57,55,77,55,114,425,70.83,5,1.23248%,NU,2
565,528,Swoobat,Psychic,Flying,67,57,55,77,55,114,425,70.83,5,0.35640%,PU,1
566,529,Drilbur,Ground,,60,85,40,30,45,68,328,54.67,5,0.00472%,OU,5
567,529,Drilbur,Ground,,60,85,40,30,45,68,328,54.67,5,0.05801%,UU,4
568,529,Drilbur,Ground,,60,85,40,30,45,68,328,54.67,5,0.06533%,RU,3
569,529,Drilbur,Ground,,60,85,40,30,45,68,328,54.67,5,0.03859%,NU,2
570,529,Drilbur,Ground,,60,85,40,30,45,68,328,54.67,5,1.17113%,PU,1
571,530,Excadrill,Ground,Steel,110,135,60,50,65,88,508,84.67,5,23.88469%,OU,5
572,532,Timburr,Fighting,,75,80,55,25,35,35,305,50.83,5,0.00142%,OU,5
573,532,Timburr,Fighting,,75,80,55,25,35,35,305,50.83,5,0.15525%,PU,1
574,533,Gurdurr,Fighting,,85,105,85,40,50,40,405,67.5,5,0.00153%,OU,5
575,533,Gurdurr,Fighting,,85,105,85,40,50,40,405,67.5,5,0.11484%,UU,4
576,533,Gurdurr,Fighting,,85,105,85,40,50,40,405,67.5,5,2.84898%,RU,3
577,534,Conkeldurr,Fighting,,105,140,95,55,65,45,505,84.17,5,8.36710%,OU,5
578,535,Tympole,Water,,50,50,40,50,40,64,294,49.0,5,0.00003%,RU,3
579,535,Tympole,Water,,50,50,40,50,40,64,294,49.0,5,0.00055%,NU,2
580,535,Tympole,Water,,50,50,40,50,40,64,294,49.0,5,0.00003%,NU,2
581,535,Tympole,Water,,50,50,40,50,40,64,294,49.0,5,0.00004%,PU,1
582,536,Palpitoad,Water,Ground,75,65,55,65,55,69,384,64.0,5,0.00163%,OU,5
583,536,Palpitoad,Water,Ground,75,65,55,65,55,69,384,64.0,5,0.01554%,UU,4
584,536,Palpitoad,Water,Ground,75,65,55,65,55,69,384,64.0,5,0.01998%,RU,3
585,536,Palpitoad,Water,Ground,75,65,55,65,55,69,384,64.0,5,0.11227%,NU,2
586,536,Palpitoad,Water,Ground,75,65,55,65,55,69,384,64.0,5,8.18220%,PU,1
587,537,Seismitoad,Water,Ground,105,95,75,85,75,74,509,84.83,5,22.56898%,OU,5
588,538,Throh,Fighting,,120,100,85,30,85,45,465,77.5,5,0.00321%,OU,5
589,538,Throh,Fighting,,120,100,85,30,85,45,465,77.5,5,0.41559%,UU,4
590,538,Throh,Fighting,,120,100,85,30,85,45,465,77.5,5,0.03909%,RU,3
591,538,Throh,Fighting,,120,100,85,30,85,45,465,77.5,5,0.95228%,NU,2
592,538,Throh,Fighting,,120,100,85,30,85,45,465,77.5,5,37.73567%,PU,1
593,539,Sawk,Fighting,,75,125,75,30,75,85,465,77.5,5,0.02317%,OU,5
594,539,Sawk,Fighting,,75,125,75,30,75,85,465,77.5,5,0.04846%,UU,4
595,539,Sawk,Fighting,,75,125,75,30,75,85,465,77.5,5,0.68177%,RU,3
596,539,Sawk,Fighting,,75,125,75,30,75,85,465,77.5,5,9.06031%,NU,2
597,546,Cottonee,Grass,Fairy,40,27,60,37,50,66,280,46.67,5,0.00305%,OU,5
598,546,Cottonee,Grass,Fairy,40,27,60,37,50,66,280,46.67,5,0.00003%,UU,4
599,546,Cottonee,Grass,Fairy,40,27,60,37,50,66,280,46.67,5,0.00001%,RU,3
600,546,Cottonee,Grass,Fairy,40,27,60,37,50,66,280,46.67,5,0.00639%,NU,2
601,546,Cottonee,Grass,Fairy,40,27,60,37,50,66,280,46.67,5,0.00001%,NU,2
602,546,Cottonee,Grass,Fairy,40,27,60,37,50,66,280,46.67,5,0.04586%,PU,1
603,547,Whimsicott,Grass,Fairy,60,67,85,77,75,116,480,80.0,5,0.66863%,OU,5
604,547,Whimsicott,Grass,Fairy,60,67,85,77,75,116,480,80.0,5,1.42298%,UU,4
605,547,Whimsicott,Grass,Fairy,60,67,85,77,75,116,480,80.0,5,7.42919%,RU,3
606,550,Basculin,Water,,70,92,65,80,55,98,460,76.67,5,0.00403%,OU,5
607,550,Basculin,Water,,70,92,65,80,55,98,460,76.67,5,0.00171%,UU,4
608,550,Basculin,Water,,70,92,65,80,55,98,460,76.67,5,0.02105%,RU,3
609,550,Basculin,Water,,70,92,65,80,55,98,460,76.67,5,0.84339%,NU,2
610,550,Basculin,Water,,70,92,65,80,55,98,460,76.67,5,16.48181%,PU,1
611,554,Darumaka,Fire,,70,90,45,15,45,50,315,52.5,5,0.00012%,RU,3
612,554,Darumaka,Fire,,70,90,45,15,45,50,315,52.5,5,0.00004%,NU,2
613,554,Darumaka,Fire,,70,90,45,15,45,50,315,52.5,5,0.00012%,NU,2
614,554,Darumaka,Fire,,70,90,45,15,45,50,315,52.5,5,0.10945%,PU,1
615,556,Maractus,Grass,,75,86,67,106,67,60,461,76.83,5,0.03151%,OU,5
616,556,Maractus,Grass,,75,86,67,106,67,60,461,76.83,5,0.00573%,UU,4
617,556,Maractus,Grass,,75,86,67,106,67,60,461,76.83,5,0.09476%,RU,3
618,556,Maractus,Grass,,75,86,67,106,67,60,461,76.83,5,1.27003%,NU,2
619,556,Maractus,Grass,,75,86,67,106,67,60,461,76.83,5,0.61711%,PU,1
620,557,Dwebble,Bug,Rock,50,65,85,35,35,55,325,54.17,5,0.00095%,OU,5
621,557,Dwebble,Bug,Rock,50,65,85,35,35,55,325,54.17,5,0.00009%,UU,4
622,557,Dwebble,Bug,Rock,50,65,85,35,35,55,325,54.17,5,0.00006%,RU,3
623,557,Dwebble,Bug,Rock,50,65,85,35,35,55,325,54.17,5,0.01735%,NU,2
624,557,Dwebble,Bug,Rock,50,65,85,35,35,55,325,54.17,5,0.00006%,NU,2
625,557,Dwebble,Bug,Rock,50,65,85,35,35,55,325,54.17,5,0.52906%,PU,1
626,558,Crustle,Bug,Rock,70,105,125,65,75,45,485,80.83,5,0.01548%,OU,5
627,558,Crustle,Bug,Rock,70,105,125,65,75,45,485,80.83,5,0.14803%,UU,4
628,558,Crustle,Bug,Rock,70,105,125,65,75,45,485,80.83,5,0.85898%,RU,3
629,558,Crustle,Bug,Rock,70,105,125,65,75,45,485,80.83,5,1.88970%,NU,2
630,559,Scraggy,Dark,Fighting,50,75,70,35,70,48,348,58.0,5,0.00001%,OU,5
631,559,Scraggy,Dark,Fighting,50,75,70,35,70,48,348,58.0,5,0.00208%,NU,2
632,559,Scraggy,Dark,Fighting,50,75,70,35,70,48,348,58.0,5,0.22608%,PU,1
633,560,Scrafty,Dark,Fighting,65,90,115,45,115,58,488,81.33,5,0.02469%,OU,5
634,560,Scrafty,Dark,Fighting,65,90,115,45,115,58,488,81.33,5,0.32189%,UU,4
635,560,Scrafty,Dark,Fighting,65,90,115,45,115,58,488,81.33,5,11.18084%,RU,3
636,561,Sigilyph,Psychic,Flying,72,58,80,103,80,97,490,81.67,5,0.27193%,OU,5
637,561,Sigilyph,Psychic,Flying,72,58,80,103,80,97,490,81.67,5,1.03042%,UU,4
638,562,Yamask,Ghost,,38,30,85,55,65,30,303,50.5,5,0.00027%,PU,1
639,563,Cofagrigus,Ghost,,58,50,145,95,105,30,483,80.5,5,0.02759%,OU,5
640,563,Cofagrigus,Ghost,,58,50,145,95,105,30,483,80.5,5,0.05921%,UU,4
641,563,Cofagrigus,Ghost,,58,50,145,95,105,30,483,80.5,5,2.45972%,RU,3
642,563,Cofagrigus,Ghost,,58,50,145,95,105,30,483,80.5,5,21.84802%,NU,2
643,568,Trubbish,Poison,,50,50,62,40,62,65,329,54.83,5,0.00001%,OU,5
644,568,Trubbish,Poison,,50,50,62,40,62,65,329,54.83,5,0.08136%,PU,1
645,569,Garbodor,Poison,,80,95,82,60,82,75,474,79.0,5,0.00095%,OU,5
646,569,Garbodor,Poison,,80,95,82,60,82,75,474,79.0,5,0.46386%,UU,4
647,569,Garbodor,Poison,,80,95,82,60,82,75,474,79.0,5,0.84274%,RU,3
648,569,Garbodor,Poison,,80,95,82,60,82,75,474,79.0,5,16.22103%,NU,2
649,572,Minccino,Normal,,55,50,40,40,40,75,300,50.0,5,0.00989%,PU,1
650,573,Cinccino,Normal,,75,95,60,65,60,115,470,78.33,5,0.04280%,OU,5
651,573,Cinccino,Normal,,75,95,60,65,60,115,470,78.33,5,0.16619%,UU,4
652,573,Cinccino,Normal,,75,95,60,65,60,115,470,78.33,5,2.57741%,RU,3
653,575,Gothorita,Psychic,,60,45,70,75,85,55,390,65.0,5,0.01017%,PU,1
654,576,Gothitelle,Psychic,,70,55,95,95,110,65,490,81.67,5,0.00031%,OU,5
655,576,Gothitelle,Psychic,,70,55,95,95,110,65,490,81.67,5,0.00012%,UU,4
656,576,Gothitelle,Psychic,,70,55,95,95,110,65,490,81.67,5,0.05974%,RU,3
657,576,Gothitelle,Psychic,,70,55,95,95,110,65,490,81.67,5,0.70349%,NU,2
658,576,Gothitelle,Psychic,,70,55,95,95,110,65,490,81.67,5,7.23788%,PU,1
659,577,Solosis,Psychic,,45,30,40,105,50,20,290,48.33,5,0.00024%,OU,5
660,577,Solosis,Psychic,,45,30,40,105,50,20,290,48.33,5,0.01481%,UU,4
661,577,Solosis,Psychic,,45,30,40,105,50,20,290,48.33,5,0.00011%,NU,2
662,577,Solosis,Psychic,,45,30,40,105,50,20,290,48.33,5,0.00433%,PU,1
663,578,Duosion,Psychic,,65,40,50,125,60,30,370,61.67,5,0.00124%,OU,5
664,578,Duosion,Psychic,,65,40,50,125,60,30,370,61.67,5,0.00047%,UU,4
665,578,Duosion,Psychic,,65,40,50,125,60,30,370,61.67,5,0.05324%,RU,3
666,578,Duosion,Psychic,,65,40,50,125,60,30,370,61.67,5,0.06363%,NU,2
667,578,Duosion,Psychic,,65,40,50,125,60,30,370,61.67,5,3.53410%,PU,1
668,579,Reuniclus,Psychic,,110,65,75,125,85,30,490,81.67,5,3.45808%,OU,5
669,579,Reuniclus,Psychic,,110,65,75,125,85,30,490,81.67,5,12.46308%,UU,4
670,583,Vanillish,Ice,,51,65,65,80,75,59,395,65.83,5,0.00020%,PU,1
671,584,Vanilluxe,Ice,,71,95,85,110,95,79,535,89.17,5,0.05342%,OU,5
672,584,Vanilluxe,Ice,,71,95,85,110,95,79,535,89.17,5,0.48203%,UU,4
673,584,Vanilluxe,Ice,,71,95,85,110,95,79,535,89.17,5,11.23873%,RU,3
674,589,Escavalier,Bug,Steel,70,135,105,60,105,20,495,82.5,5,0.01124%,OU,5
675,589,Escavalier,Bug,Steel,70,135,105,60,105,20,495,82.5,5,8.91339%,UU,4
676,589,Escavalier,Bug,Steel,70,135,105,60,105,20,495,82.5,5,4.88559%,RU,3
677,592,Frillish,Water,Ghost,55,40,50,65,85,40,335,55.83,5,0.00004%,OU,5
678,592,Frillish,Water,Ghost,55,40,50,65,85,40,335,55.83,5,0.00012%,UU,4
679,592,Frillish,Water,Ghost,55,40,50,65,85,40,335,55.83,5,0.09331%,NU,2
680,592,Frillish,Water,Ghost,55,40,50,65,85,40,335,55.83,5,0.10689%,PU,1
681,593,Jellicent,Water,Ghost,100,60,70,85,105,60,480,80.0,5,0.77838%,OU,5
682,593,Jellicent,Water,Ghost,100,60,70,85,105,60,480,80.0,5,0.38691%,UU,4
683,593,Jellicent,Water,Ghost,100,60,70,85,105,60,480,80.0,5,21.41515%,RU,3
684,596,Galvantula,Bug,Electric,70,77,60,97,60,108,472,78.67,5,0.28186%,OU,5
685,596,Galvantula,Bug,Electric,70,77,60,97,60,108,472,78.67,5,0.49767%,UU,4
686,596,Galvantula,Bug,Electric,70,77,60,97,60,108,472,78.67,5,4.35217%,RU,3
687,597,Ferroseed,Grass,Steel,44,50,91,24,86,10,305,50.83,5,0.00035%,OU,5
688,597,Ferroseed,Grass,Steel,44,50,91,24,86,10,305,50.83,5,0.03213%,UU,4
689,597,Ferroseed,Grass,Steel,44,50,91,24,86,10,305,50.83,5,0.19845%,RU,3
690,597,Ferroseed,Grass,Steel,44,50,91,24,86,10,305,50.83,5,8.56713%,NU,2
691,598,Ferrothorn,Grass,Steel,74,94,131,54,116,20,489,81.5,5,25.17680%,OU,5
692,599,Klink,Steel,,40,55,70,45,60,30,300,50.0,5,0.00001%,UU,4
693,599,Klink,Steel,,40,55,70,45,60,30,300,50.0,5,0.00001%,PU,1
694,600,Klang,Steel,,60,80,95,70,85,50,440,73.33,5,0.00002%,OU,5
695,600,Klang,Steel,,60,80,95,70,85,50,440,73.33,5,0.00001%,UU,4
696,600,Klang,Steel,,60,80,95,70,85,50,440,73.33,5,0.00015%,RU,3
697,600,Klang,Steel,,60,80,95,70,85,50,440,73.33,5,0.06169%,NU,2
698,600,Klang,Steel,,60,80,95,70,85,50,440,73.33,5,0.00015%,NU,2
699,600,Klang,Steel,,60,80,95,70,85,50,440,73.33,5,3.46242%,PU,1
700,601,Klinklang,Steel,,60,100,115,70,85,90,520,86.67,5,0.00722%,OU,5
701,601,Klinklang,Steel,,60,100,115,70,85,90,520,86.67,5,0.01112%,UU,4
702,601,Klinklang,Steel,,60,100,115,70,85,90,520,86.67,5,0.11699%,RU,3
703,601,Klinklang,Steel,,60,100,115,70,85,90,520,86.67,5,4.99419%,NU,2
704,605,Elgyem,Psychic,,55,55,55,85,55,30,335,55.83,5,0.00001%,OU,5
705,605,Elgyem,Psychic,,55,55,55,85,55,30,335,55.83,5,0.00034%,RU,3
706,605,Elgyem,Psychic,,55,55,55,85,55,30,335,55.83,5,0.00034%,NU,2
707,606,Beheeyem,Psychic,,75,75,75,125,95,40,485,80.83,5,0.00046%,OU,5
708,606,Beheeyem,Psychic,,75,75,75,125,95,40,485,80.83,5,0.00044%,UU,4
709,606,Beheeyem,Psychic,,75,75,75,125,95,40,485,80.83,5,0.37019%,RU,3
710,606,Beheeyem,Psychic,,75,75,75,125,95,40,485,80.83,5,0.17383%,NU,2
711,606,Beheeyem,Psychic,,75,75,75,125,95,40,485,80.83,5,7.89412%,PU,1
712,608,Lampent,Ghost,Fire,60,40,60,95,60,55,370,61.67,5,0.00029%,OU,5
713,608,Lampent,Ghost,Fire,60,40,60,95,60,55,370,61.67,5,0.00055%,RU,3
714,608,Lampent,Ghost,Fire,60,40,60,95,60,55,370,61.67,5,0.00158%,NU,2
715,608,Lampent,Ghost,Fire,60,40,60,95,60,55,370,61.67,5,0.00055%,NU,2
716,608,Lampent,Ghost,Fire,60,40,60,95,60,55,370,61.67,5,0.54824%,PU,1
717,609,Chandelure,Ghost,Fire,60,55,90,145,90,80,520,86.67,5,1.53229%,OU,5
718,609,Chandelure,Ghost,Fire,60,55,90,145,90,80,520,86.67,5,7.13855%,UU,4
719,610,Axew,Dragon,,46,87,60,30,40,57,320,53.33,5,0.00359%,PU,1
720,611,Fraxure,Dragon,,66,117,70,40,50,67,410,68.33,5,0.00023%,OU,5
721,611,Fraxure,Dragon,,66,117,70,40,50,67,410,68.33,5,0.00001%,UU,4
722,611,Fraxure,Dragon,,66,117,70,40,50,67,410,68.33,5,0.02431%,RU,3
723,611,Fraxure,Dragon,,66,117,70,40,50,67,410,68.33,5,0.34195%,NU,2
724,611,Fraxure,Dragon,,66,117,70,40,50,67,410,68.33,5,7.63739%,PU,1
725,612,Haxorus,Dragon,,76,147,90,60,70,97,540,90.0,5,0.23869%,OU,5
726,612,Haxorus,Dragon,,76,147,90,60,70,97,540,90.0,5,31.67690%,UU,4
727,613,Cubchoo,Ice,,55,70,40,60,40,40,305,50.83,5,0.00002%,OU,5
728,614,Beartic,Ice,,95,130,80,70,80,50,505,84.17,5,0.01797%,OU,5
729,614,Beartic,Ice,,95,130,80,70,80,50,505,84.17,5,0.03591%,UU,4
730,614,Beartic,Ice,,95,130,80,70,80,50,505,84.17,5,0.11888%,RU,3
731,614,Beartic,Ice,,95,130,80,70,80,50,505,84.17,5,0.61075%,NU,2
732,614,Beartic,Ice,,95,130,80,70,80,50,505,84.17,5,1.13194%,PU,1
733,616,Shelmet,Bug,,50,40,85,40,65,25,305,50.83,5,0.00129%,OU,5
734,616,Shelmet,Bug,,50,40,85,40,65,25,305,50.83,5,0.00001%,RU,3
735,616,Shelmet,Bug,,50,40,85,40,65,25,305,50.83,5,0.00007%,NU,2
736,616,Shelmet,Bug,,50,40,85,40,65,25,305,50.83,5,0.00001%,NU,2
737,616,Shelmet,Bug,,50,40,85,40,65,25,305,50.83,5,0.11869%,PU,1
738,617,Accelgor,Bug,,80,70,40,100,60,145,495,82.5,5,0.14065%,OU,5
739,617,Accelgor,Bug,,80,70,40,100,60,145,495,82.5,5,0.26302%,UU,4
740,617,Accelgor,Bug,,80,70,40,100,60,145,495,82.5,5,3.21769%,RU,3
741,618,Stunfisk,Ground,Electric,109,66,84,81,99,32,471,78.5,5,0.14502%,OU,5
742,618,Stunfisk,Ground,Electric,109,66,84,81,99,32,471,78.5,5,0.00993%,UU,4
743,618,Stunfisk,Ground,Electric,109,66,84,81,99,32,471,78.5,5,0.41289%,RU,3
744,622,Golett,Ground,Ghost,59,74,50,35,50,35,303,50.5,5,0.00002%,UU,4
745,622,Golett,Ground,Ghost,59,74,50,35,50,35,303,50.5,5,0.15076%,PU,1
746,623,Golurk,Ground,Ghost,89,124,80,55,80,55,483,80.5,5,0.02733%,OU,5
747,623,Golurk,Ground,Ghost,89,124,80,55,80,55,483,80.5,5,0.24310%,UU,4
748,623,Golurk,Ground,Ghost,89,124,80,55,80,55,483,80.5,5,0.25697%,RU,3
749,623,Golurk,Ground,Ghost,89,124,80,55,80,55,483,80.5,5,7.38041%,NU,2
750,624,Pawniard,Dark,Steel,45,85,70,40,40,60,340,56.67,5,0.00003%,OU,5
751,624,Pawniard,Dark,Steel,45,85,70,40,40,60,340,56.67,5,0.00016%,UU,4
752,624,Pawniard,Dark,Steel,45,85,70,40,40,60,340,56.67,5,0.06079%,RU,3
753,624,Pawniard,Dark,Steel,45,85,70,40,40,60,340,56.67,5,0.72117%,NU,2
754,624,Pawniard,Dark,Steel,45,85,70,40,40,60,340,56.67,5,19.70286%,PU,1
755,625,Bisharp,Dark,Steel,65,125,100,60,70,70,490,81.67,5,14.30810%,OU,5
756,627,Rufflet,Normal,Flying,70,83,50,37,50,60,350,58.33,5,0.00010%,OU,5
757,627,Rufflet,Normal,Flying,70,83,50,37,50,60,350,58.33,5,0.00327%,UU,4
758,627,Rufflet,Normal,Flying,70,83,50,37,50,60,350,58.33,5,0.00025%,NU,2
759,627,Rufflet,Normal,Flying,70,83,50,37,50,60,350,58.33,5,0.58602%,PU,1
760,628,Braviary,Normal,Flying,100,123,75,57,75,80,510,85.0,5,0.08680%,OU,5
761,628,Braviary,Normal,Flying,100,123,75,57,75,80,510,85.0,5,2.34553%,UU,4
762,629,Vullaby,Dark,Flying,70,55,75,45,65,60,370,61.67,5,0.00001%,OU,5
763,629,Vullaby,Dark,Flying,70,55,75,45,65,60,370,61.67,5,0.00109%,UU,4
764,629,Vullaby,Dark,Flying,70,55,75,45,65,60,370,61.67,5,0.02018%,RU,3
765,629,Vullaby,Dark,Flying,70,55,75,45,65,60,370,61.67,5,0.14338%,NU,2
766,629,Vullaby,Dark,Flying,70,55,75,45,65,60,370,61.67,5,3.05435%,PU,1
767,630,Mandibuzz,Dark,Flying,110,65,105,55,95,80,510,85.0,5,13.47561%,OU,5
768,631,Heatmor,Fire,,85,97,66,105,66,65,484,80.67,5,0.00133%,OU,5
769,631,Heatmor,Fire,,85,97,66,105,66,65,484,80.67,5,0.00015%,UU,4
770,631,Heatmor,Fire,,85,97,66,105,66,65,484,80.67,5,0.01712%,RU,3
771,631,Heatmor,Fire,,85,97,66,105,66,65,484,80.67,5,0.60307%,NU,2
772,631,Heatmor,Fire,,85,97,66,105,66,65,484,80.67,5,3.68307%,PU,1
773,632,Durant,Bug,Steel,58,109,112,48,48,109,484,80.67,5,0.34993%,OU,5
774,633,Deino,Dark,Dragon,52,65,50,45,50,38,300,50.0,5,0.00001%,OU,5
775,633,Deino,Dark,Dragon,52,65,50,45,50,38,300,50.0,5,0.00004%,RU,3
776,633,Deino,Dark,Dragon,52,65,50,45,50,38,300,50.0,5,0.00004%,NU,2
777,634,Zweilous,Dark,Dragon,72,85,70,65,70,58,420,70.0,5,0.00017%,OU,5
778,634,Zweilous,Dark,Dragon,72,85,70,65,70,58,420,70.0,5,0.00047%,UU,4
779,634,Zweilous,Dark,Dragon,72,85,70,65,70,58,420,70.0,5,0.03154%,RU,3
780,634,Zweilous,Dark,Dragon,72,85,70,65,70,58,420,70.0,5,0.02070%,NU,2
781,634,Zweilous,Dark,Dragon,72,85,70,65,70,58,420,70.0,5,0.42450%,PU,1
782,635,Hydreigon,Dark,Dragon,92,105,90,125,90,98,600,100.0,5,20.92392%,OU,5
783,638,Cobalion,Steel,Fighting,91,90,129,90,72,108,580,96.67,5,0.31858%,OU,5
784,638,Cobalion,Steel,Fighting,91,90,129,90,72,108,580,96.67,5,26.66785%,UU,4
785,639,Terrakion,Rock,Fighting,91,129,90,72,90,108,580,96.67,5,7.38838%,OU,5
786,640,Virizion,Grass,Fighting,91,90,72,90,129,108,580,96.67,5,0.04392%,OU,5
787,640,Virizion,Grass,Fighting,91,90,72,90,129,108,580,96.67,5,0.66346%,UU,4
788,640,Virizion,Grass,Fighting,91,90,72,90,129,108,580,96.67,5,13.68771%,RU,3
789,647,Keldeo,Water,Fighting,91,72,90,129,90,108,580,96.67,5,4.54024%,OU,5
790,659,Bunnelby,Normal,,38,36,38,32,36,57,237,39.5,6,0.00001%,OU,5
791,659,Bunnelby,Normal,,38,36,38,32,36,57,237,39.5,6,0.00001%,UU,4
792,659,Bunnelby,Normal,,38,36,38,32,36,57,237,39.5,6,0.01976%,RU,3
793,659,Bunnelby,Normal,,38,36,38,32,36,57,237,39.5,6,0.11799%,PU,1
794,660,Diggersby,Normal,Ground,85,56,77,50,77,78,423,70.5,6,2.10618%,OU,5
795,674,Pancham,Fighting,,67,82,62,46,48,43,348,58.0,6,0.00001%,RU,3
796,674,Pancham,Fighting,,67,82,62,46,48,43,348,58.0,6,0.00001%,NU,2
797,674,Pancham,Fighting,,67,82,62,46,48,43,348,58.0,6,0.00564%,PU,1
798,675,Pangoro,Fighting,Dark,95,124,78,69,71,58,495,82.5,6,0.10273%,OU,5
799,675,Pangoro,Fighting,Dark,95,124,78,69,71,58,495,82.5,6,10.56420%,UU,4
800,677,Espurr,Psychic,,62,48,54,63,60,68,355,59.17,6,0.00002%,UU,4
801,678,Meowstic,Psychic,,74,48,76,83,81,104,466,77.67,6,0.01441%,OU,5
802,678,Meowstic,Psychic,,74,48,76,83,81,104,466,77.67,6,0.06807%,UU,4
803,678,Meowstic,Psychic,,74,48,76,83,81,104,466,77.67,6,0.20426%,RU,3
804,678,Meowstic,Psychic,,74,48,76,83,81,104,466,77.67,6,0.23657%,NU,2
805,678,Meowstic,Psychic,,74,48,76,83,81,104,466,77.67,6,4.19165%,PU,1
806,679,Honedge,Steel,Ghost,45,80,100,35,37,28,325,54.17,6,0.00231%,RU,3
807,679,Honedge,Steel,Ghost,45,80,100,35,37,28,325,54.17,6,0.00003%,NU,2
808,679,Honedge,Steel,Ghost,45,80,100,35,37,28,325,54.17,6,0.02579%,PU,1
809,680,Doublade,Steel,Ghost,59,110,150,45,49,35,448,74.67,6,0.01870%,OU,5
810,680,Doublade,Steel,Ghost,59,110,150,45,49,35,448,74.67,6,12.45086%,UU,4
811,682,Spritzee,Fairy,,78,52,60,63,65,23,341,56.83,6,0.00001%,UU,4
812,682,Spritzee,Fairy,,78,52,60,63,65,23,341,56.83,6,0.00080%,RU,3
813,682,Spritzee,Fairy,,78,52,60,63,65,23,341,56.83,6,0.00154%,NU,2
814,682,Spritzee,Fairy,,78,52,60,63,65,23,341,56.83,6,0.00080%,NU,2
815,682,Spritzee,Fairy,,78,52,60,63,65,23,341,56.83,6,1.52112%,PU,1
816,683,Aromatisse,Fairy,,101,72,72,99,89,29,462,77.0,6,0.01716%,OU,5
817,683,Aromatisse,Fairy,,101,72,72,99,89,29,462,77.0,6,0.33621%,UU,4
818,683,Aromatisse,Fairy,,101,72,72,99,89,29,462,77.0,6,7.89678%,RU,3
819,684,Swirlix,Fairy,,62,48,66,59,57,49,341,56.83,6,0.00175%,OU,5
820,684,Swirlix,Fairy,,62,48,66,59,57,49,341,56.83,6,0.00183%,RU,3
821,684,Swirlix,Fairy,,62,48,66,59,57,49,341,56.83,6,0.00030%,NU,2
822,684,Swirlix,Fairy,,62,48,66,59,57,49,341,56.83,6,0.00183%,NU,2
823,684,Swirlix,Fairy,,62,48,66,59,57,49,341,56.83,6,0.58444%,PU,1
824,685,Slurpuff,Fairy,,82,80,86,85,75,72,480,80.0,6,0.25410%,OU,5
825,685,Slurpuff,Fairy,,82,80,86,85,75,72,480,80.0,6,1.93794%,UU,4
826,685,Slurpuff,Fairy,,82,80,86,85,75,72,480,80.0,6,4.15183%,RU,3
827,686,Inkay,Dark,Psychic,53,54,53,37,46,45,288,48.0,6,0.00001%,OU,5
828,687,Malamar,Dark,Psychic,86,92,88,68,75,73,482,80.33,6,0.01733%,OU,5
829,687,Malamar,Dark,Psychic,86,92,88,68,75,73,482,80.33,6,0.17334%,UU,4
830,687,Malamar,Dark,Psychic,86,92,88,68,75,73,482,80.33,6,3.68140%,RU,3
831,687,Malamar,Dark,Psychic,86,92,88,68,75,73,482,80.33,6,10.91252%,NU,2
832,688,Binacle,Rock,Water,42,52,67,39,56,50,306,51.0,6,0.01541%,NU,2
833,688,Binacle,Rock,Water,42,52,67,39,56,50,306,51.0,6,0.12508%,PU,1
834,689,Barbaracle,Rock,Water,72,105,115,54,86,68,500,83.33,6,0.16297%,OU,5
835,689,Barbaracle,Rock,Water,72,105,115,54,86,68,500,83.33,6,8.24609%,UU,4
836,694,Helioptile,Electric,Normal,44,38,33,61,43,70,289,48.17,6,0.00002%,RU,3
837,694,Helioptile,Electric,Normal,44,38,33,61,43,70,289,48.17,6,0.00005%,NU,2
838,694,Helioptile,Electric,Normal,44,38,33,61,43,70,289,48.17,6,0.00002%,NU,2
839,695,Heliolisk,Electric,Normal,62,55,52,109,94,109,481,80.17,6,0.87003%,OU,5
840,695,Heliolisk,Electric,Normal,62,55,52,109,94,109,481,80.17,6,3.37649%,UU,4
841,700,Sylveon,Fairy,,95,65,65,110,130,60,525,87.5,6,1.24076%,OU,5
842,700,Sylveon,Fairy,,95,65,65,110,130,60,525,87.5,6,30.85321%,UU,4
843,701,Hawlucha,Fighting,Flying,78,92,75,74,63,118,500,83.33,6,4.95960%,OU,5
844,705,Sliggoo,Dragon,,68,75,53,83,113,60,452,75.33,6,0.00021%,OU,5
845,705,Sliggoo,Dragon,,68,75,53,83,113,60,452,75.33,6,0.00627%,UU,4
846,705,Sliggoo,Dragon,,68,75,53,83,113,60,452,75.33,6,0.51234%,RU,3
847,705,Sliggoo,Dragon,,68,75,53,83,113,60,452,75.33,6,0.08023%,NU,2
848,705,Sliggoo,Dragon,,68,75,53,83,113,60,452,75.33,6,0.91953%,PU,1
849,706,Goodra,Dragon,,90,100,70,110,150,80,600,100.0,6,0.18145%,OU,5
850,706,Goodra,Dragon,,90,100,70,110,150,80,600,100.0,6,1.49366%,UU,4
851,708,Phantump,Ghost,Grass,43,70,48,50,60,38,309,51.5,6,0.00008%,PU,1
852,709,Trevenant,Ghost,Grass,85,110,76,65,82,56,474,79.0,6,0.00612%,OU,5
853,709,Trevenant,Ghost,Grass,85,110,76,65,82,56,474,79.0,6,0.00923%,UU,4
854,709,Trevenant,Ghost,Grass,85,110,76,65,82,56,474,79.0,6,0.05644%,RU,3
855,709,Trevenant,Ghost,Grass,85,110,76,65,82,56,474,79.0,6,0.10119%,NU,2
856,709,Trevenant,Ghost,Grass,85,110,76,65,82,56,474,79.0,6,2.49053%,PU,1
857,712,Bergmite,Ice,,55,69,85,32,35,28,304,50.67,6,0.00001%,RU,3
858,712,Bergmite,Ice,,55,69,85,32,35,28,304,50.67,6,0.00001%,NU,2
859,712,Bergmite,Ice,,55,69,85,32,35,28,304,50.67,6,0.01290%,PU,1
860,713,Avalugg,Ice,,95,117,184,44,46,28,514,85.67,6,0.04452%,OU,5
861,713,Avalugg,Ice,,95,117,184,44,46,28,514,85.67,6,3.66374%,UU,4
862,714,Noibat,Flying,Dragon,40,30,35,45,40,55,245,40.83,6,0.00218%,PU,1
863,715,Noivern,Flying,Dragon,85,70,80,97,80,123,535,89.17,6,0.13636%,OU,5
864,715,Noivern,Flying,Dragon,85,70,80,97,80,123,535,89.17,6,38.70327%,UU,4
865,722,Rowlet,Grass,Flying,68,55,55,50,50,42,320,53.33,7,0.00004%,RU,3
866,722,Rowlet,Grass,Flying,68,55,55,50,50,42,320,53.33,7,0.00004%,NU,2
867,723,Dartrix,Grass,Flying,78,75,75,70,70,52,420,70.0,7,0.00001%,OU,5
868,723,Dartrix,Grass,Flying,78,75,75,70,70,52,420,70.0,7,0.00021%,UU,4
869,723,Dartrix,Grass,Flying,78,75,75,70,70,52,420,70.0,7,0.00282%,NU,2
870,723,Dartrix,Grass,Flying,78,75,75,70,70,52,420,70.0,7,0.27107%,PU,1
871,724,Decidueye,Grass,Ghost,78,107,75,100,100,70,530,88.33,7,0.18341%,OU,5
872,724,Decidueye,Grass,Ghost,78,107,75,100,100,70,530,88.33,7,0.60617%,UU,4
873,724,Decidueye,Grass,Ghost,78,107,75,100,100,70,530,88.33,7,3.64621%,RU,3
874,725,Litten,Fire,,45,65,40,60,40,70,320,53.33,7,0.00004%,RU,3
875,725,Litten,Fire,,45,65,40,60,40,70,320,53.33,7,0.00004%,NU,2
876,726,Torracat,Fire,,65,85,50,80,50,90,420,70.0,7,0.00085%,OU,5
877,726,Torracat,Fire,,65,85,50,80,50,90,420,70.0,7,0.00199%,UU,4
878,726,Torracat,Fire,,65,85,50,80,50,90,420,70.0,7,0.03356%,RU,3
879,726,Torracat,Fire,,65,85,50,80,50,90,420,70.0,7,0.28480%,NU,2
880,726,Torracat,Fire,,65,85,50,80,50,90,420,70.0,7,0.56139%,PU,1
881,727,Incineroar,Fire,Dark,95,115,90,80,90,60,530,88.33,7,2.10371%,OU,5
882,727,Incineroar,Fire,Dark,95,115,90,80,90,60,530,88.33,7,29.24782%,UU,4
883,728,Popplio,Water,,50,54,54,66,56,40,320,53.33,7,0.00001%,OU,5
884,729,Brionne,Water,,60,69,69,91,81,50,420,70.0,7,0.00002%,UU,4
885,729,Brionne,Water,,60,69,69,91,81,50,420,70.0,7,0.00267%,RU,3
886,729,Brionne,Water,,60,69,69,91,81,50,420,70.0,7,0.00001%,NU,2
887,729,Brionne,Water,,60,69,69,91,81,50,420,70.0,7,0.08486%,PU,1
888,730,Primarina,Water,Fairy,80,74,74,126,116,60,530,88.33,7,4.61244%,OU,5
889,736,Grubbin,Bug,,47,62,45,55,45,46,300,50.0,7,0.00001%,OU,5
890,737,Charjabug,Bug,Electric,57,82,95,55,75,36,400,66.67,7,0.00083%,OU,5
891,737,Charjabug,Bug,Electric,57,82,95,55,75,36,400,66.67,7,0.00035%,RU,3
892,737,Charjabug,Bug,Electric,57,82,95,55,75,36,400,66.67,7,0.01237%,NU,2
893,737,Charjabug,Bug,Electric,57,82,95,55,75,36,400,66.67,7,0.00035%,NU,2
894,737,Charjabug,Bug,Electric,57,82,95,55,75,36,400,66.67,7,0.53403%,PU,1
895,738,Vikavolt,Bug,Electric,77,70,90,145,75,43,500,83.33,7,0.53526%,OU,5
896,738,Vikavolt,Bug,Electric,77,70,90,145,75,43,500,83.33,7,0.92815%,UU,4
897,738,Vikavolt,Bug,Electric,77,70,90,145,75,43,500,83.33,7,9.20470%,RU,3
898,742,Cutiefly,Bug,Fairy,40,45,40,55,40,84,304,50.67,7,0.00181%,NU,2
899,742,Cutiefly,Bug,Fairy,40,45,40,55,40,84,304,50.67,7,0.16301%,PU,1
900,743,Ribombee,Bug,Fairy,60,55,60,95,70,124,464,77.33,7,1.13485%,OU,5
901,743,Ribombee,Bug,Fairy,60,55,60,95,70,124,464,77.33,7,3.33804%,UU,4
902,747,Mareanie,Poison,Water,50,53,62,43,52,45,305,50.83,7,0.00011%,OU,5
903,747,Mareanie,Poison,Water,50,53,62,43,52,45,305,50.83,7,0.03318%,UU,4
904,747,Mareanie,Poison,Water,50,53,62,43,52,45,305,50.83,7,0.03506%,RU,3
905,747,Mareanie,Poison,Water,50,53,62,43,52,45,305,50.83,7,0.36079%,NU,2
906,747,Mareanie,Poison,Water,50,53,62,43,52,45,305,50.83,7,4.02785%,PU,1
907,748,Toxapex,Poison,Water,50,63,152,53,142,35,495,82.5,7,28.25718%,OU,5
908,749,Mudbray,Ground,,70,100,70,45,55,45,385,64.17,7,0.00106%,OU,5
909,749,Mudbray,Ground,,70,100,70,45,55,45,385,64.17,7,0.01091%,NU,2
910,749,Mudbray,Ground,,70,100,70,45,55,45,385,64.17,7,1.48805%,PU,1
911,750,Mudsdale,Ground,,100,125,100,55,85,35,500,83.33,7,0.03547%,OU,5
912,750,Mudsdale,Ground,,100,125,100,55,85,35,500,83.33,7,0.10734%,UU,4
913,750,Mudsdale,Ground,,100,125,100,55,85,35,500,83.33,7,7.15428%,RU,3
914,751,Dewpider,Water,Bug,38,40,52,40,72,27,269,44.83,7,0.00434%,RU,3
915,751,Dewpider,Water,Bug,38,40,52,40,72,27,269,44.83,7,0.00013%,NU,2
916,751,Dewpider,Water,Bug,38,40,52,40,72,27,269,44.83,7,0.00960%,PU,1
917,752,Araquanid,Water,Bug,68,70,92,50,132,42,454,75.67,7,0.42085%,OU,5
918,752,Araquanid,Water,Bug,68,70,92,50,132,42,454,75.67,7,5.25808%,UU,4
919,755,Morelull,Grass,Fairy,40,35,55,65,75,15,285,47.5,7,0.00250%,OU,5
920,756,Shiinotic,Grass,Fairy,60,45,80,90,100,30,405,67.5,7,0.06736%,OU,5
921,756,Shiinotic,Grass,Fairy,60,45,80,90,100,30,405,67.5,7,0.02510%,UU,4
922,756,Shiinotic,Grass,Fairy,60,45,80,90,100,30,405,67.5,7,0.01261%,RU,3
923,756,Shiinotic,Grass,Fairy,60,45,80,90,100,30,405,67.5,7,0.29282%,NU,2
924,756,Shiinotic,Grass,Fairy,60,45,80,90,100,30,405,67.5,7,13.82793%,PU,1
925,757,Salandit,Poison,Fire,48,44,40,71,40,77,320,53.33,7,0.00002%,OU,5
926,757,Salandit,Poison,Fire,48,44,40,71,40,77,320,53.33,7,0.00028%,NU,2
927,757,Salandit,Poison,Fire,48,44,40,71,40,77,320,53.33,7,0.06541%,PU,1
928,758,Salazzle,Poison,Fire,68,64,60,111,60,117,480,80.0,7,2.34116%,OU,5
929,758,Salazzle,Poison,Fire,68,64,60,111,60,117,480,80.0,7,1.60910%,UU,4
930,758,Salazzle,Poison,Fire,68,64,60,111,60,117,480,80.0,7,18.22765%,RU,3
931,759,Stufful,Normal,Fighting,70,75,50,45,50,50,340,56.67,7,0.00007%,NU,2
932,759,Stufful,Normal,Fighting,70,75,50,45,50,50,340,56.67,7,0.17031%,PU,1
933,760,Bewear,Normal,Fighting,120,125,80,55,60,60,500,83.33,7,1.65862%,OU,5
934,760,Bewear,Normal,Fighting,120,125,80,55,60,60,500,83.33,7,0.35432%,UU,4
935,760,Bewear,Normal,Fighting,120,125,80,55,60,60,500,83.33,7,6.64078%,RU,3
936,762,Steenee,Grass,,52,40,48,40,48,62,290,48.33,7,0.00001%,NU,2
937,762,Steenee,Grass,,52,40,48,40,48,62,290,48.33,7,0.04701%,PU,1
938,763,Tsareena,Grass,,72,120,98,50,98,72,510,85.0,7,0.06815%,OU,5
939,763,Tsareena,Grass,,72,120,98,50,98,72,510,85.0,7,4.70651%,UU,4
940,765,Oranguru,Normal,Psychic,90,60,80,90,110,60,490,81.67,7,0.00053%,OU,5
941,765,Oranguru,Normal,Psychic,90,60,80,90,110,60,490,81.67,7,0.00010%,UU,4
942,765,Oranguru,Normal,Psychic,90,60,80,90,110,60,490,81.67,7,0.00308%,RU,3
943,765,Oranguru,Normal,Psychic,90,60,80,90,110,60,490,81.67,7,0.09185%,NU,2
944,765,Oranguru,Normal,Psychic,90,60,80,90,110,60,490,81.67,7,2.12375%,PU,1
945,766,Passimian,Fighting,,100,120,90,40,60,80,490,81.67,7,0.10612%,OU,5
946,766,Passimian,Fighting,,100,120,90,40,60,80,490,81.67,7,1.16970%,UU,4
947,766,Passimian,Fighting,,100,120,90,40,60,80,490,81.67,7,23.81958%,RU,3
948,767,Wimpod,Bug,Water,25,35,40,20,30,80,230,38.33,7,0.00037%,PU,1
949,768,Golisopod,Bug,Water,75,125,140,60,90,40,530,88.33,7,0.35622%,OU,5
950,768,Golisopod,Bug,Water,75,125,140,60,90,40,530,88.33,7,16.02039%,UU,4
951,771,Pyukumuku,Water,,55,60,130,30,130,5,410,68.33,7,0.06495%,OU,5
952,771,Pyukumuku,Water,,55,60,130,30,130,5,410,68.33,7,3.26931%,UU,4
953,771,Pyukumuku,Water,,55,60,130,30,130,5,410,68.33,7,1.04904%,RU,3
954,771,Pyukumuku,Water,,55,60,130,30,130,5,410,68.33,7,0.76551%,NU,2
955,771,Pyukumuku,Water,,55,60,130,30,130,5,410,68.33,7,6.79142%,PU,1
956,772,Type: Null,Normal,,95,95,95,95,95,59,534,89.0,7,0.00196%,OU,5
957,772,Type: Null,Normal,,95,95,95,95,95,59,534,89.0,7,0.00517%,UU,4
958,772,Type: Null,Normal,,95,95,95,95,95,59,534,89.0,7,0.02827%,RU,3
959,772,Type: Null,Normal,,95,95,95,95,95,59,534,89.0,7,1.71977%,NU,2
960,772,Type: Null,Normal,,95,95,95,95,95,59,534,89.0,7,15.81790%,PU,1
961,773,Silvally,Normal,,95,95,95,95,95,95,570,95.0,7,0.01417%,OU,5
962,773,Silvally,Normal,,95,95,95,95,95,95,570,95.0,7,0.01583%,UU,4
963,773,Silvally,Normal,,95,95,95,95,95,95,570,95.0,7,0.09123%,RU,3
964,773,Silvally,Normal,,95,95,95,95,95,95,570,95.0,7,2.00305%,NU,2
965,773,Silvally,Normal,,95,95,95,95,95,95,570,95.0,7,1.61389%,PU,1
966,776,Turtonator,Fire,Dragon,60,78,135,91,85,36,485,80.83,7,0.01504%,OU,5
967,776,Turtonator,Fire,Dragon,60,78,135,91,85,36,485,80.83,7,0.02583%,UU,4
968,776,Turtonator,Fire,Dragon,60,78,135,91,85,36,485,80.83,7,6.33408%,RU,3
969,777,Togedemaru,Electric,Steel,65,98,63,40,73,96,435,72.5,7,0.00989%,OU,5
970,777,Togedemaru,Electric,Steel,65,98,63,40,73,96,435,72.5,7,0.64918%,UU,4
971,777,Togedemaru,Electric,Steel,65,98,63,40,73,96,435,72.5,7,3.80123%,RU,3
972,777,Togedemaru,Electric,Steel,65,98,63,40,73,96,435,72.5,7,27.07538%,NU,2
973,778,Mimikyu,Ghost,Fairy,55,90,80,50,105,96,476,79.33,7,4.57191%,OU,5
974,780,Drampa,Normal,Dragon,78,60,85,135,91,36,485,80.83,7,0.02631%,OU,5
975,780,Drampa,Normal,Dragon,78,60,85,135,91,36,485,80.83,7,0.06070%,UU,4
976,780,Drampa,Normal,Dragon,78,60,85,135,91,36,485,80.83,7,5.34855%,RU,3
977,780,Drampa,Normal,Dragon,78,60,85,135,91,36,485,80.83,7,14.67933%,NU,2
978,781,Dhelmise,Ghost,Grass,70,131,100,86,90,40,517,86.17,7,0.04064%,OU,5
979,781,Dhelmise,Ghost,Grass,70,131,100,86,90,40,517,86.17,7,0.19995%,UU,4
980,781,Dhelmise,Ghost,Grass,70,131,100,86,90,40,517,86.17,7,4.28196%,RU,3
981,782,Jangmo-o,Dragon,,45,55,65,45,45,45,300,50.0,7,0.00102%,OU,5
982,783,Hakamo-o,Dragon,Fighting,55,75,90,65,70,65,420,70.0,7,0.00004%,OU,5
983,783,Hakamo-o,Dragon,Fighting,55,75,90,65,70,65,420,70.0,7,0.00196%,UU,4
984,783,Hakamo-o,Dragon,Fighting,55,75,90,65,70,65,420,70.0,7,0.07074%,RU,3
985,783,Hakamo-o,Dragon,Fighting,55,75,90,65,70,65,420,70.0,7,0.00444%,NU,2
986,783,Hakamo-o,Dragon,Fighting,55,75,90,65,70,65,420,70.0,7,1.20735%,PU,1
987,784,Kommo-o,Dragon,Fighting,75,110,125,100,105,85,600,100.0,7,13.31267%,OU,5
988,790,Cosmoem,Psychic,,43,29,131,29,131,37,400,66.67,7,0.00077%,OU,5
989,790,Cosmoem,Psychic,,43,29,131,29,131,37,400,66.67,7,0.03520%,RU,3
990,790,Cosmoem,Psychic,,43,29,131,29,131,37,400,66.67,7,0.02638%,NU,2
991,790,Cosmoem,Psychic,,43,29,131,29,131,37,400,66.67,7,0.00316%,PU,1
992,800,Necrozma,Psychic,,97,107,101,127,89,79,600,100.0,7,3.69048%,OU,5
993,800,Necrozma,Psychic,,97,107,101,127,89,79,600,100.0,7,10.29032%,UU,4
994,807,Zeraora,Electric,,88,112,75,102,80,143,600,100.0,7,24.48428%,OU,5
995,808,Meltan,Steel,,46,65,65,55,35,34,300,50.0,7,0.03187%,OU,5
996,808,Meltan,Steel,,46,65,65,55,35,34,300,50.0,7,0.01489%,RU,3
997,809,Melmetal,Steel,,135,143,143,80,65,34,600,100.0,7,16.27880%,OU,5
998,810,Grookey,Grass,,50,65,50,40,40,65,310,51.67,8,0.00043%,OU,5
999,811,Thwackey,Grass,,70,85,70,55,60,80,420,70.0,8,0.00473%,NU,2
1000,811,Thwackey,Grass,,70,85,70,55,60,80,420,70.0,8,0.07847%,PU,1
1001,812,Rillaboom,Grass,,100,125,90,60,70,85,530,88.33,8,0.07853%,OU,5
1002,812,Rillaboom,Grass,,100,125,90,60,70,85,530,88.33,8,0.12055%,UU,4
1003,812,Rillaboom,Grass,,100,125,90,60,70,85,530,88.33,8,15.37126%,RU,3
1004,813,Scorbunny,Fire,,50,71,40,40,40,69,310,51.67,8,0.00038%,OU,5
1005,814,Raboot,Fire,,65,86,60,55,60,94,420,70.0,8,0.00065%,OU,5
1006,814,Raboot,Fire,,65,86,60,55,60,94,420,70.0,8,0.01649%,RU,3
1007,814,Raboot,Fire,,65,86,60,55,60,94,420,70.0,8,0.03699%,NU,2
1008,814,Raboot,Fire,,65,86,60,55,60,94,420,70.0,8,0.35005%,PU,1
1009,815,Cinderace,Fire,,80,116,75,65,75,119,530,88.33,8,6.76959%,OU,5
1010,816,Sobble,Water,,50,40,40,70,40,70,310,51.67,8,0.00004%,RU,3
1011,816,Sobble,Water,,50,40,40,70,40,70,310,51.67,8,0.00004%,NU,2
1012,817,Drizzile,Water,,65,60,55,95,55,90,420,70.0,8,0.00011%,OU,5
1013,817,Drizzile,Water,,65,60,55,95,55,90,420,70.0,8,0.00011%,RU,3
1014,817,Drizzile,Water,,65,60,55,95,55,90,420,70.0,8,0.03718%,NU,2
1015,817,Drizzile,Water,,65,60,55,95,55,90,420,70.0,8,0.00011%,NU,2
1016,817,Drizzile,Water,,65,60,55,95,55,90,420,70.0,8,0.09805%,PU,1
1017,818,Inteleon,Water,,70,85,65,125,65,120,530,88.33,8,0.08819%,OU,5
1018,818,Inteleon,Water,,70,85,65,125,65,120,530,88.33,8,3.53571%,UU,4
1019,820,Greedent,Normal,,120,95,95,55,75,20,460,76.67,8,0.01179%,OU,5
1020,820,Greedent,Normal,,120,95,95,55,75,20,460,76.67,8,0.00393%,UU,4
1021,820,Greedent,Normal,,120,95,95,55,75,20,460,76.67,8,0.00483%,RU,3
1022,820,Greedent,Normal,,120,95,95,55,75,20,460,76.67,8,0.02560%,NU,2
1023,820,Greedent,Normal,,120,95,95,55,75,20,460,76.67,8,1.92545%,PU,1
1024,822,Corvisquire,Flying,,68,67,55,43,55,77,365,60.83,8,0.00002%,UU,4
1025,822,Corvisquire,Flying,,68,67,55,43,55,77,365,60.83,8,0.00003%,RU,3
1026,822,Corvisquire,Flying,,68,67,55,43,55,77,365,60.83,8,0.00018%,NU,2
1027,822,Corvisquire,Flying,,68,67,55,43,55,77,365,60.83,8,0.00003%,NU,2
1028,822,Corvisquire,Flying,,68,67,55,43,55,77,365,60.83,8,0.06322%,PU,1
1029,823,Corviknight,Flying,Steel,98,87,105,53,85,67,495,82.5,8,31.22480%,OU,5
1030,825,Dottler,Bug,Psychic,50,35,80,50,90,30,335,55.83,8,0.00076%,OU,5
1031,825,Dottler,Bug,Psychic,50,35,80,50,90,30,335,55.83,8,0.00015%,UU,4
1032,825,Dottler,Bug,Psychic,50,35,80,50,90,30,335,55.83,8,0.00849%,NU,2
1033,825,Dottler,Bug,Psychic,50,35,80,50,90,30,335,55.83,8,0.09705%,PU,1
1034,826,Orbeetle,Bug,Psychic,60,45,110,80,120,90,505,84.17,8,0.07768%,OU,5
1035,826,Orbeetle,Bug,Psychic,60,45,110,80,120,90,505,84.17,8,0.02633%,UU,4
1036,826,Orbeetle,Bug,Psychic,60,45,110,80,120,90,505,84.17,8,0.24022%,RU,3
1037,826,Orbeetle,Bug,Psychic,60,45,110,80,120,90,505,84.17,8,4.48811%,NU,2
1038,828,Thievul,Dark,,70,58,58,87,92,90,455,75.83,8,0.00844%,OU,5
1039,828,Thievul,Dark,,70,58,58,87,92,90,455,75.83,8,0.00509%,UU,4
1040,828,Thievul,Dark,,70,58,58,87,92,90,455,75.83,8,0.06868%,RU,3
1041,828,Thievul,Dark,,70,58,58,87,92,90,455,75.83,8,1.61057%,NU,2
1042,828,Thievul,Dark,,70,58,58,87,92,90,455,75.83,8,3.00842%,PU,1
1043,829,Gossifleur,Grass,,40,40,60,40,60,10,250,41.67,8,0.00001%,RU,3
1044,829,Gossifleur,Grass,,40,40,60,40,60,10,250,41.67,8,0.00001%,NU,2
1045,829,Gossifleur,Grass,,40,40,60,40,60,10,250,41.67,8,0.08227%,PU,1
1046,830,Eldegoss,Grass,,60,50,90,80,120,60,460,76.67,8,0.02158%,OU,5
1047,830,Eldegoss,Grass,,60,50,90,80,120,60,460,76.67,8,0.04176%,UU,4
1048,830,Eldegoss,Grass,,60,50,90,80,120,60,460,76.67,8,0.95494%,RU,3
1049,830,Eldegoss,Grass,,60,50,90,80,120,60,460,76.67,8,17.89014%,NU,2
1050,831,Wooloo,Normal,,42,40,55,40,45,48,270,45.0,8,0.00003%,OU,5
1051,831,Wooloo,Normal,,42,40,55,40,45,48,270,45.0,8,0.00001%,UU,4
1052,831,Wooloo,Normal,,42,40,55,40,45,48,270,45.0,8,0.00001%,PU,1
1053,832,Dubwool,Normal,,72,80,100,60,90,88,490,81.67,8,0.02677%,OU,5
1054,832,Dubwool,Normal,,72,80,100,60,90,88,490,81.67,8,0.04281%,UU,4
1055,832,Dubwool,Normal,,72,80,100,60,90,88,490,81.67,8,0.20225%,RU,3
1056,832,Dubwool,Normal,,72,80,100,60,90,88,490,81.67,8,2.49351%,NU,2
1057,833,Chewtle,Water,,50,64,50,38,38,44,284,47.33,8,0.00007%,OU,5
1058,834,Drednaw,Water,Rock,90,115,90,48,68,74,485,80.83,8,0.03984%,OU,5
1059,834,Drednaw,Water,Rock,90,115,90,48,68,74,485,80.83,8,0.03744%,UU,4
1060,834,Drednaw,Water,Rock,90,115,90,48,68,74,485,80.83,8,4.02917%,RU,3
1061,834,Drednaw,Water,Rock,90,115,90,48,68,74,485,80.83,8,4.86042%,NU,2
1062,836,Boltund,Electric,,69,90,60,90,60,121,490,81.67,8,0.01592%,OU,5
1063,836,Boltund,Electric,,69,90,60,90,60,121,490,81.67,8,0.08370%,UU,4
1064,836,Boltund,Electric,,69,90,60,90,60,121,490,81.67,8,3.34276%,RU,3
1065,838,Carkol,Rock,Fire,80,60,90,60,70,50,410,68.33,8,0.00142%,OU,5
1066,838,Carkol,Rock,Fire,80,60,90,60,70,50,410,68.33,8,0.00041%,UU,4
1067,838,Carkol,Rock,Fire,80,60,90,60,70,50,410,68.33,8,0.00898%,RU,3
1068,838,Carkol,Rock,Fire,80,60,90,60,70,50,410,68.33,8,1.15497%,NU,2
1069,838,Carkol,Rock,Fire,80,60,90,60,70,50,410,68.33,8,18.47475%,PU,1
1070,839,Coalossal,Rock,Fire,110,80,120,80,90,30,510,85.0,8,0.05078%,OU,5
1071,839,Coalossal,Rock,Fire,110,80,120,80,90,30,510,85.0,8,0.37331%,UU,4
1072,839,Coalossal,Rock,Fire,110,80,120,80,90,30,510,85.0,8,16.57695%,RU,3
1073,840,Applin,Grass,Dragon,40,40,80,40,40,20,260,43.33,8,0.00001%,OU,5
1074,841,Flapple,"Grass
",Dragon,70,110,80,95,60,70,485,80.83,8,0.04329%,OU,5
1075,841,Flapple,"Grass
",Dragon,70,110,80,95,60,70,485,80.83,8,0.19735%,UU,4
1076,841,Flapple,"Grass
",Dragon,70,110,80,95,60,70,485,80.83,8,1.99519%,RU,3
1077,842,Appletun,Grass,"Dragon
",110,85,80,100,80,30,485,80.83,8,0.13683%,OU,5
1078,842,Appletun,Grass,"Dragon
",110,85,80,100,80,30,485,80.83,8,0.04358%,UU,4
1079,842,Appletun,Grass,"Dragon
",110,85,80,100,80,30,485,80.83,8,0.86051%,RU,3
1080,842,Appletun,Grass,"Dragon
",110,85,80,100,80,30,485,80.83,8,2.22610%,NU,2
1081,843,Silicobra,Ground,,52,57,75,35,50,46,315,52.5,8,0.00027%,PU,1
1082,844,Sandaconda,Ground,,72,107,125,65,70,71,510,85.0,8,0.56942%,OU,5
1083,844,Sandaconda,Ground,,72,107,125,65,70,71,510,85.0,8,3.45959%,UU,4
1084,844,Sandaconda,Ground,,72,107,125,65,70,71,510,85.0,8,0.49912%,RU,3
1085,844,Sandaconda,Ground,,72,107,125,65,70,71,510,85.0,8,26.42466%,NU,2
1086,845,Cramorant,Flying,Water,70,85,55,85,95,85,475,79.17,8,0.01859%,OU,5
1087,845,Cramorant,Flying,Water,70,85,55,85,95,85,475,79.17,8,0.07656%,UU,4
1088,845,Cramorant,Flying,Water,70,85,55,85,95,85,475,79.17,8,7.32421%,RU,3
1089,846,Arrokuda,Water,,41,63,40,40,30,66,280,46.67,8,0.00004%,NU,2
1090,847,Barraskewda,Water,,61,123,60,60,50,136,490,81.67,8,0.49006%,OU,5
1091,847,Barraskewda,Water,,61,123,60,60,50,136,490,81.67,8,0.77283%,UU,4
1092,847,Barraskewda,Water,,61,123,60,60,50,136,490,81.67,8,4.69603%,RU,3
1093,848,Toxel,Electric,Poison,40,38,35,54,35,40,242,40.33,8,0.02152%,PU,1
1094,851,Centiskorch,Fire,Bug,100,115,65,90,90,65,525,87.5,8,0.10300%,OU,5
1095,851,Centiskorch,Fire,Bug,100,115,65,90,90,65,525,87.5,8,1.08760%,UU,4
1096,851,Centiskorch,Fire,Bug,100,115,65,90,90,65,525,87.5,8,5.17867%,RU,3
1097,852,Clobbopus,Fighting,,50,68,60,50,50,32,310,51.67,8,0.00030%,RU,3
1098,852,Clobbopus,Fighting,,50,68,60,50,50,32,310,51.67,8,0.00030%,NU,2
1099,853,Grapploct,Fighting,,80,118,90,70,80,42,480,80.0,8,0.02532%,OU,5
1100,853,Grapploct,Fighting,,80,118,90,70,80,42,480,80.0,8,0.01320%,UU,4
1101,853,Grapploct,Fighting,,80,118,90,70,80,42,480,80.0,8,0.00227%,RU,3
1102,853,Grapploct,Fighting,,80,118,90,70,80,42,480,80.0,8,0.07851%,NU,2
1103,853,Grapploct,Fighting,,80,118,90,70,80,42,480,80.0,8,0.00227%,NU,2
1104,853,Grapploct,Fighting,,80,118,90,70,80,42,480,80.0,8,9.26189%,PU,1
1105,854,Sinistea,Ghost,,40,45,45,74,54,50,308,51.33,8,0.00001%,OU,5
1106,854,Sinistea,Ghost,,40,45,45,74,54,50,308,51.33,8,0.00001%,UU,4
1107,854,Sinistea,Ghost,,40,45,45,74,54,50,308,51.33,8,0.00155%,RU,3
1108,854,Sinistea,Ghost,,40,45,45,74,54,50,308,51.33,8,0.00001%,NU,2
1109,854,Sinistea,Ghost,,40,45,45,74,54,50,308,51.33,8,0.00155%,NU,2
1110,854,Sinistea,Ghost,,40,45,45,74,54,50,308,51.33,8,0.50512%,PU,1
1111,855,Polteageist,Ghost,,60,65,65,134,114,70,508,84.67,8,0.22208%,OU,5
1112,855,Polteageist,Ghost,,60,65,65,134,114,70,508,84.67,8,8.47435%,UU,4
1113,857,Hattrem,Psychic,,57,40,65,86,73,49,370,61.67,8,0.00247%,OU,5
1114,857,Hattrem,Psychic,,57,40,65,86,73,49,370,61.67,8,0.00369%,UU,4
1115,857,Hattrem,Psychic,,57,40,65,86,73,49,370,61.67,8,0.03773%,RU,3
1116,857,Hattrem,Psychic,,57,40,65,86,73,49,370,61.67,8,6.35363%,NU,2
1117,857,Hattrem,Psychic,,57,40,65,86,73,49,370,61.67,8,9.85631%,PU,1
1118,858,Hatterene,Psychic,Fairy,57,90,95,136,103,29,510,85.0,8,4.78415%,OU,5
1119,859,Impidimp,Dark,Fairy,45,45,30,55,40,50,265,44.17,8,0.00012%,OU,5
1120,860,Morgrem,Dark,Fairy,65,60,45,75,55,70,370,61.67,8,0.00294%,OU,5
1121,860,Morgrem,Dark,Fairy,65,60,45,75,55,70,370,61.67,8,0.62874%,UU,4
1122,860,Morgrem,Dark,Fairy,65,60,45,75,55,70,370,61.67,8,0.12687%,RU,3
1123,860,Morgrem,Dark,Fairy,65,60,45,75,55,70,370,61.67,8,0.06697%,NU,2
1124,860,Morgrem,Dark,Fairy,65,60,45,75,55,70,370,61.67,8,0.40880%,PU,1
1125,861,Grimmsnarl,Dark,Fairy,95,120,65,95,75,60,510,85.0,8,4.76801%,OU,5
1126,862,Obstagoon,Dark,Normal,93,90,101,60,81,95,520,86.67,8,1.82258%,OU,5
1127,863,Perrserker,Steel,,70,110,100,50,60,50,440,73.33,8,0.01165%,OU,5
1128,863,Perrserker,Steel,,70,110,100,50,60,50,440,73.33,8,0.13428%,UU,4
1129,863,Perrserker,Steel,,70,110,100,50,60,50,440,73.33,8,0.26866%,RU,3
1130,863,Perrserker,Steel,,70,110,100,50,60,50,440,73.33,8,4.95879%,NU,2
1131,864,Cursola,Ghost,,60,95,50,145,130,30,510,85.0,8,0.03090%,OU,5
1132,864,Cursola,Ghost,,60,95,50,145,130,30,510,85.0,8,0.06719%,UU,4
1133,864,Cursola,Ghost,,60,95,50,145,130,30,510,85.0,8,0.51089%,RU,3
1134,864,Cursola,Ghost,,60,95,50,145,130,30,510,85.0,8,7.04459%,NU,2
1135,865,Sirfetch'd,Fighting,,62,135,95,68,82,65,507,84.5,8,0.89271%,OU,5
1136,865,Sirfetch'd,Fighting,,62,135,95,68,82,65,507,84.5,8,3.90379%,UU,4
1137,866,Mr. Rime,Ice,Psychic,80,85,75,110,100,70,520,86.67,8,0.03809%,OU,5
1138,866,Mr. Rime,Ice,Psychic,80,85,75,110,100,70,520,86.67,8,0.03655%,UU,4
1139,866,Mr. Rime,Ice,Psychic,80,85,75,110,100,70,520,86.67,8,0.73545%,RU,3
1140,866,Mr. Rime,Ice,Psychic,80,85,75,110,100,70,520,86.67,8,3.34063%,NU,2
1141,867,Runerigus,Ground,Ghost,58,95,145,50,105,30,483,80.5,8,0.27206%,OU,5
1142,867,Runerigus,Ground,Ghost,58,95,145,50,105,30,483,80.5,8,0.63436%,UU,4
1143,867,Runerigus,Ground,Ghost,58,95,145,50,105,30,483,80.5,8,5.31016%,RU,3
1144,868,Milcery,Fairy,,45,40,40,50,61,34,270,45.0,8,0.00002%,OU,5
1145,869,Alcremie,Fairy,,65,60,75,110,121,64,495,82.5,8,0.01296%,OU,5
1146,869,Alcremie,Fairy,,65,60,75,110,121,64,495,82.5,8,0.03961%,UU,4
1147,869,Alcremie,Fairy,,65,60,75,110,121,64,495,82.5,8,0.87871%,RU,3
1148,869,Alcremie,Fairy,,65,60,75,110,121,64,495,82.5,8,9.73630%,NU,2
1149,870,Falinks,Fighting,,65,100,100,70,60,75,470,78.33,8,0.01173%,OU,5
1150,870,Falinks,Fighting,,65,100,100,70,60,75,470,78.33,8,0.15109%,UU,4
1151,870,Falinks,Fighting,,65,100,100,70,60,75,470,78.33,8,0.16892%,RU,3
1152,870,Falinks,Fighting,,65,100,100,70,60,75,470,78.33,8,1.79389%,NU,2
1153,871,Pincurchin,Electric,,48,101,95,91,85,15,435,72.5,8,0.09462%,OU,5
1154,871,Pincurchin,Electric,,48,101,95,91,85,15,435,72.5,8,0.06263%,UU,4
1155,871,Pincurchin,Electric,,48,101,95,91,85,15,435,72.5,8,0.66016%,RU,3
1156,871,Pincurchin,Electric,,48,101,95,91,85,15,435,72.5,8,0.10565%,NU,2
1157,871,Pincurchin,Electric,,48,101,95,91,85,15,435,72.5,8,4.91273%,PU,1
1158,872,Snom,Ice,Bug,30,25,35,45,30,20,185,30.83,8,0.00017%,OU,5
1159,872,Snom,Ice,Bug,30,25,35,45,30,20,185,30.83,8,0.00485%,UU,4
1160,872,Snom,Ice,Bug,30,25,35,45,30,20,185,30.83,8,0.00001%,PU,1
1161,873,Frosmoth,Ice,Bug,70,65,60,125,90,65,475,79.17,8,0.11201%,OU,5
1162,873,Frosmoth,Ice,Bug,70,65,60,125,90,65,475,79.17,8,0.31178%,UU,4
1163,873,Frosmoth,Ice,Bug,70,65,60,125,90,65,475,79.17,8,4.52265%,RU,3
1164,874,Stonjourner,Rock,,100,125,135,20,20,70,470,78.33,8,0.01572%,OU,5
1165,874,Stonjourner,Rock,,100,125,135,20,20,70,470,78.33,8,0.02442%,UU,4
1166,874,Stonjourner,Rock,,100,125,135,20,20,70,470,78.33,8,0.13909%,RU,3
1167,874,Stonjourner,Rock,,100,125,135,20,20,70,470,78.33,8,1.02128%,NU,2
1168,874,Stonjourner,Rock,,100,125,135,20,20,70,470,78.33,8,16.52269%,PU,1
1169,877,Morpeko,Electric,Dark,58,95,58,70,58,97,436,72.67,8,0.07080%,OU,5
1170,877,Morpeko,Electric,Dark,58,95,58,70,58,97,436,72.67,8,0.58202%,UU,4
1171,877,Morpeko,Electric,Dark,58,95,58,70,58,97,436,72.67,8,6.00128%,RU,3
1172,878,Cufant,Steel,,72,80,49,40,49,40,330,55.0,8,0.11456%,PU,1
1173,879,Copperajah,Steel,,122,130,69,80,69,30,500,83.33,8,0.12088%,OU,5
1174,879,Copperajah,Steel,,122,130,69,80,69,30,500,83.33,8,2.50127%,UU,4
1175,879,Copperajah,Steel,,122,130,69,80,69,30,500,83.33,8,15.06932%,RU,3
1176,880,Dracozolt,Electric,Dragon,90,100,90,80,70,75,505,84.17,8,0.47905%,OU,5
1177,881,Arctozolt,Electric,Ice,90,100,90,90,80,55,505,84.17,8,0.11871%,OU,5
1178,881,Arctozolt,Electric,Ice,90,100,90,90,80,55,505,84.17,8,0.01599%,UU,4
1179,881,Arctozolt,Electric,Ice,90,100,90,90,80,55,505,84.17,8,0.49840%,RU,3
1180,881,Arctozolt,Electric,Ice,90,100,90,90,80,55,505,84.17,8,0.44822%,NU,2
1181,881,Arctozolt,Electric,Ice,90,100,90,90,80,55,505,84.17,8,0.36365%,PU,1
1182,882,Dracovish,Water,Dragon,90,90,100,70,80,75,505,84.17,8,15.58086%,OU,5
1183,883,Arctovish,Water,Ice,90,90,100,80,90,55,505,84.17,8,0.01585%,OU,5
1184,883,Arctovish,Water,Ice,90,90,100,80,90,55,505,84.17,8,0.00819%,UU,4
1185,883,Arctovish,Water,Ice,90,90,100,80,90,55,505,84.17,8,0.82586%,RU,3
1186,883,Arctovish,Water,Ice,90,90,100,80,90,55,505,84.17,8,5.29169%,NU,2
1187,883,Arctovish,Water,Ice,90,90,100,80,90,55,505,84.17,8,0.60533%,PU,1
1188,884,Duraludon,Steel,Dragon,70,95,115,120,50,85,535,89.17,8,0.09644%,OU,5
1189,884,Duraludon,Steel,Dragon,70,95,115,120,50,85,535,89.17,8,3.09772%,UU,4
1190,886,Drakloak,Dragon,Ghost,68,80,50,60,50,102,410,68.33,8,0.00001%,OU,5
1191,886,Drakloak,Dragon,Ghost,68,80,50,60,50,102,410,68.33,8,0.00018%,UU,4
1192,886,Drakloak,Dragon,Ghost,68,80,50,60,50,102,410,68.33,8,0.02825%,RU,3
1193,886,Drakloak,Dragon,Ghost,68,80,50,60,50,102,410,68.33,8,0.68384%,NU,2
1194,886,Drakloak,Dragon,Ghost,68,80,50,60,50,102,410,68.33,8,2.15642%,PU,1
1195,887,Dragapult,Dragon,Ghost,88,120,75,100,75,142,600,100.0,8,25.15101%,OU,5
